--
-- PostgreSQL database dump
--

\restrict jbiQbAlH5cB3gcUV1SYfN9UQoCuULlnK1jlHqytePAdHhSKFSfgXIXHf4Fi9cd6

-- Dumped from database version 17.6 (Debian 17.6-1.pgdg12+1)
-- Dumped by pg_dump version 17.6 (Ubuntu 17.6-1.pgdg24.04+1)

SET statement_timeout = 0;
SET lock_timeout = 0;
SET idle_in_transaction_session_timeout = 0;
SET transaction_timeout = 0;
SET client_encoding = 'UTF8';
SET standard_conforming_strings = on;
SELECT pg_catalog.set_config('search_path', '', false);
SET check_function_bodies = false;
SET xmloption = content;
SET client_min_messages = warning;
SET row_security = off;

--
-- Name: public; Type: SCHEMA; Schema: -; Owner: spin_db_ndpd_user
--

-- *not* creating schema, since initdb creates it


ALTER SCHEMA public OWNER TO spin_db_ndpd_user;

--
-- Name: matchstatus; Type: TYPE; Schema: public; Owner: spin_db_ndpd_user
--

CREATE TYPE public.matchstatus AS ENUM (
    'WAITING',
    'ACTIVE',
    'FINISHED'
);


ALTER TYPE public.matchstatus OWNER TO spin_db_ndpd_user;

--
-- Name: txstatus; Type: TYPE; Schema: public; Owner: spin_db_ndpd_user
--

CREATE TYPE public.txstatus AS ENUM (
    'PENDING',
    'SUCCESS',
    'FAILED'
);


ALTER TYPE public.txstatus OWNER TO spin_db_ndpd_user;

--
-- Name: txtype; Type: TYPE; Schema: public; Owner: spin_db_ndpd_user
--

CREATE TYPE public.txtype AS ENUM (
    'RECHARGE',
    'WITHDRAW',
    'entry',
    'win',
    'fee'
);


ALTER TYPE public.txtype OWNER TO spin_db_ndpd_user;

SET default_tablespace = '';

SET default_table_access_method = heap;

--
-- Name: game_matches; Type: TABLE; Schema: public; Owner: spin_db_ndpd_user
--

CREATE TABLE public.game_matches (
    id integer NOT NULL,
    stake_amount integer NOT NULL,
    status public.matchstatus NOT NULL,
    p1_user_id integer,
    p2_user_id integer,
    winner_user_id integer,
    created_at timestamp with time zone DEFAULT now()
);


ALTER TABLE public.game_matches OWNER TO spin_db_ndpd_user;

--
-- Name: game_matches_id_seq; Type: SEQUENCE; Schema: public; Owner: spin_db_ndpd_user
--

CREATE SEQUENCE public.game_matches_id_seq
    AS integer
    START WITH 1
    INCREMENT BY 1
    NO MINVALUE
    NO MAXVALUE
    CACHE 1;


ALTER SEQUENCE public.game_matches_id_seq OWNER TO spin_db_ndpd_user;

--
-- Name: game_matches_id_seq; Type: SEQUENCE OWNED BY; Schema: public; Owner: spin_db_ndpd_user
--

ALTER SEQUENCE public.game_matches_id_seq OWNED BY public.game_matches.id;


--
-- Name: matches; Type: TABLE; Schema: public; Owner: spin_db_ndpd_user
--

CREATE TABLE public.matches (
    id integer NOT NULL,
    stake_amount integer NOT NULL,
    p1_user_id integer,
    p2_user_id integer,
    winner_user_id integer,
    status public.matchstatus NOT NULL,
    system_fee numeric(10,2),
    created_at timestamp with time zone DEFAULT now(),
    finished_at timestamp with time zone,
    last_roll integer,
    current_turn integer,
    p3_user_id integer,
    num_players integer DEFAULT 2 NOT NULL
);


ALTER TABLE public.matches OWNER TO spin_db_ndpd_user;

--
-- Name: matches_id_seq; Type: SEQUENCE; Schema: public; Owner: spin_db_ndpd_user
--

CREATE SEQUENCE public.matches_id_seq
    AS integer
    START WITH 1
    INCREMENT BY 1
    NO MINVALUE
    NO MAXVALUE
    CACHE 1;


ALTER SEQUENCE public.matches_id_seq OWNER TO spin_db_ndpd_user;

--
-- Name: matches_id_seq; Type: SEQUENCE OWNED BY; Schema: public; Owner: spin_db_ndpd_user
--

ALTER SEQUENCE public.matches_id_seq OWNED BY public.matches.id;


--
-- Name: otps; Type: TABLE; Schema: public; Owner: spin_db_ndpd_user
--

CREATE TABLE public.otps (
    id integer NOT NULL,
    phone character varying(20) NOT NULL,
    code character varying(10),
    used boolean DEFAULT false,
    expires_at timestamp with time zone NOT NULL,
    created_at timestamp with time zone DEFAULT now(),
    session_id character varying(64)
);


ALTER TABLE public.otps OWNER TO spin_db_ndpd_user;

--
-- Name: otps_id_seq; Type: SEQUENCE; Schema: public; Owner: spin_db_ndpd_user
--

CREATE SEQUENCE public.otps_id_seq
    AS integer
    START WITH 1
    INCREMENT BY 1
    NO MINVALUE
    NO MAXVALUE
    CACHE 1;


ALTER SEQUENCE public.otps_id_seq OWNER TO spin_db_ndpd_user;

--
-- Name: otps_id_seq; Type: SEQUENCE OWNED BY; Schema: public; Owner: spin_db_ndpd_user
--

ALTER SEQUENCE public.otps_id_seq OWNED BY public.otps.id;


--
-- Name: stakes; Type: TABLE; Schema: public; Owner: spin_db_ndpd_user
--

CREATE TABLE public.stakes (
    id integer NOT NULL,
    stake_amount integer NOT NULL,
    entry_fee integer NOT NULL,
    winner_payout integer NOT NULL,
    label character varying NOT NULL
);


ALTER TABLE public.stakes OWNER TO spin_db_ndpd_user;

--
-- Name: stakes_id_seq; Type: SEQUENCE; Schema: public; Owner: spin_db_ndpd_user
--

CREATE SEQUENCE public.stakes_id_seq
    AS integer
    START WITH 1
    INCREMENT BY 1
    NO MINVALUE
    NO MAXVALUE
    CACHE 1;


ALTER SEQUENCE public.stakes_id_seq OWNER TO spin_db_ndpd_user;

--
-- Name: stakes_id_seq; Type: SEQUENCE OWNED BY; Schema: public; Owner: spin_db_ndpd_user
--

ALTER SEQUENCE public.stakes_id_seq OWNED BY public.stakes.id;


--
-- Name: transactions; Type: TABLE; Schema: public; Owner: spin_db_ndpd_user
--

CREATE TABLE public.transactions (
    id integer NOT NULL,
    user_id integer,
    amount double precision NOT NULL,
    txn_type character varying NOT NULL,
    status character varying DEFAULT 'pending'::character varying,
    provider_txn_id character varying,
    created_at timestamp without time zone DEFAULT now()
);


ALTER TABLE public.transactions OWNER TO spin_db_ndpd_user;

--
-- Name: transactions_id_seq; Type: SEQUENCE; Schema: public; Owner: spin_db_ndpd_user
--

CREATE SEQUENCE public.transactions_id_seq
    AS integer
    START WITH 1
    INCREMENT BY 1
    NO MINVALUE
    NO MAXVALUE
    CACHE 1;


ALTER SEQUENCE public.transactions_id_seq OWNER TO spin_db_ndpd_user;

--
-- Name: transactions_id_seq; Type: SEQUENCE OWNED BY; Schema: public; Owner: spin_db_ndpd_user
--

ALTER SEQUENCE public.transactions_id_seq OWNED BY public.transactions.id;


--
-- Name: users; Type: TABLE; Schema: public; Owner: spin_db_ndpd_user
--

CREATE TABLE public.users (
    id integer NOT NULL,
    phone character varying(20) NOT NULL,
    name character varying(100),
    upi_id character varying(100),
    created_at timestamp with time zone DEFAULT now(),
    email character varying(255),
    password_hash character varying(255),
    wallet_balance numeric(12,2) DEFAULT 0,
    updated_at timestamp with time zone,
    description character varying(255),
    profile_image character varying DEFAULT 'assets/default.png'::character varying
);


ALTER TABLE public.users OWNER TO spin_db_ndpd_user;

--
-- Name: users_id_seq; Type: SEQUENCE; Schema: public; Owner: spin_db_ndpd_user
--

CREATE SEQUENCE public.users_id_seq
    AS integer
    START WITH 1
    INCREMENT BY 1
    NO MINVALUE
    NO MAXVALUE
    CACHE 1;


ALTER SEQUENCE public.users_id_seq OWNER TO spin_db_ndpd_user;

--
-- Name: users_id_seq; Type: SEQUENCE OWNED BY; Schema: public; Owner: spin_db_ndpd_user
--

ALTER SEQUENCE public.users_id_seq OWNED BY public.users.id;


--
-- Name: wallet_transactions; Type: TABLE; Schema: public; Owner: spin_db_ndpd_user
--

CREATE TABLE public.wallet_transactions (
    id integer NOT NULL,
    user_id integer NOT NULL,
    amount double precision NOT NULL,
    tx_type public.txtype NOT NULL,
    status public.txstatus NOT NULL,
    transaction_id character varying,
    created_at timestamp with time zone DEFAULT now(),
    provider_ref character varying,
    "timestamp" timestamp without time zone DEFAULT now()
);


ALTER TABLE public.wallet_transactions OWNER TO spin_db_ndpd_user;

--
-- Name: wallet_transactions_id_seq; Type: SEQUENCE; Schema: public; Owner: spin_db_ndpd_user
--

CREATE SEQUENCE public.wallet_transactions_id_seq
    AS integer
    START WITH 1
    INCREMENT BY 1
    NO MINVALUE
    NO MAXVALUE
    CACHE 1;


ALTER SEQUENCE public.wallet_transactions_id_seq OWNER TO spin_db_ndpd_user;

--
-- Name: wallet_transactions_id_seq; Type: SEQUENCE OWNED BY; Schema: public; Owner: spin_db_ndpd_user
--

ALTER SEQUENCE public.wallet_transactions_id_seq OWNED BY public.wallet_transactions.id;


--
-- Name: wallet_tx; Type: TABLE; Schema: public; Owner: spin_db_ndpd_user
--

CREATE TABLE public.wallet_tx (
    id integer NOT NULL,
    user_id integer NOT NULL,
    amount numeric(12,2) NOT NULL,
    type public.txtype NOT NULL,
    status public.txstatus NOT NULL,
    created_at timestamp with time zone DEFAULT now()
);


ALTER TABLE public.wallet_tx OWNER TO spin_db_ndpd_user;

--
-- Name: wallet_tx_id_seq; Type: SEQUENCE; Schema: public; Owner: spin_db_ndpd_user
--

CREATE SEQUENCE public.wallet_tx_id_seq
    AS integer
    START WITH 1
    INCREMENT BY 1
    NO MINVALUE
    NO MAXVALUE
    CACHE 1;


ALTER SEQUENCE public.wallet_tx_id_seq OWNER TO spin_db_ndpd_user;

--
-- Name: wallet_tx_id_seq; Type: SEQUENCE OWNED BY; Schema: public; Owner: spin_db_ndpd_user
--

ALTER SEQUENCE public.wallet_tx_id_seq OWNED BY public.wallet_tx.id;


--
-- Name: game_matches id; Type: DEFAULT; Schema: public; Owner: spin_db_ndpd_user
--

ALTER TABLE ONLY public.game_matches ALTER COLUMN id SET DEFAULT nextval('public.game_matches_id_seq'::regclass);


--
-- Name: matches id; Type: DEFAULT; Schema: public; Owner: spin_db_ndpd_user
--

ALTER TABLE ONLY public.matches ALTER COLUMN id SET DEFAULT nextval('public.matches_id_seq'::regclass);


--
-- Name: otps id; Type: DEFAULT; Schema: public; Owner: spin_db_ndpd_user
--

ALTER TABLE ONLY public.otps ALTER COLUMN id SET DEFAULT nextval('public.otps_id_seq'::regclass);


--
-- Name: stakes id; Type: DEFAULT; Schema: public; Owner: spin_db_ndpd_user
--

ALTER TABLE ONLY public.stakes ALTER COLUMN id SET DEFAULT nextval('public.stakes_id_seq'::regclass);


--
-- Name: transactions id; Type: DEFAULT; Schema: public; Owner: spin_db_ndpd_user
--

ALTER TABLE ONLY public.transactions ALTER COLUMN id SET DEFAULT nextval('public.transactions_id_seq'::regclass);


--
-- Name: users id; Type: DEFAULT; Schema: public; Owner: spin_db_ndpd_user
--

ALTER TABLE ONLY public.users ALTER COLUMN id SET DEFAULT nextval('public.users_id_seq'::regclass);


--
-- Name: wallet_transactions id; Type: DEFAULT; Schema: public; Owner: spin_db_ndpd_user
--

ALTER TABLE ONLY public.wallet_transactions ALTER COLUMN id SET DEFAULT nextval('public.wallet_transactions_id_seq'::regclass);


--
-- Name: wallet_tx id; Type: DEFAULT; Schema: public; Owner: spin_db_ndpd_user
--

ALTER TABLE ONLY public.wallet_tx ALTER COLUMN id SET DEFAULT nextval('public.wallet_tx_id_seq'::regclass);


--
-- Data for Name: game_matches; Type: TABLE DATA; Schema: public; Owner: spin_db_ndpd_user
--

COPY public.game_matches (id, stake_amount, status, p1_user_id, p2_user_id, winner_user_id, created_at) FROM stdin;
34	4	ACTIVE	3	2	\N	2025-09-03 07:42:04.650797+00
6	8	ACTIVE	3	2	\N	2025-08-29 19:16:32.344239+00
35	4	ACTIVE	3	2	\N	2025-09-03 07:42:36.269809+00
37	4	ACTIVE	2	3	\N	2025-09-03 07:56:32.961507+00
38	4	ACTIVE	3	2	\N	2025-09-03 07:56:35.315953+00
39	4	ACTIVE	3	2	\N	2025-09-03 08:13:37.029397+00
40	4	ACTIVE	3	2	\N	2025-09-03 08:19:21.539947+00
41	4	ACTIVE	2	3	\N	2025-09-03 08:57:45.928824+00
36	8	ACTIVE	3	2	\N	2025-09-03 07:43:05.488124+00
43	8	WAITING	3	\N	\N	2025-09-03 08:58:15.963251+00
42	4	ACTIVE	3	2	\N	2025-09-03 08:57:50.211789+00
44	4	ACTIVE	3	2	\N	2025-09-03 08:59:14.420038+00
45	4	ACTIVE	3	2	\N	2025-09-03 09:00:22.937361+00
46	4	ACTIVE	3	2	\N	2025-09-03 09:01:04.785043+00
47	4	ACTIVE	3	2	\N	2025-09-03 09:01:28.659296+00
48	4	ACTIVE	3	2	\N	2025-09-03 09:45:28.502481+00
49	4	ACTIVE	3	2	\N	2025-09-03 10:05:28.580706+00
50	4	ACTIVE	3	2	\N	2025-09-03 11:29:02.87225+00
51	4	ACTIVE	3	2	\N	2025-09-03 11:29:30.859355+00
52	4	ACTIVE	3	2	\N	2025-09-03 11:29:49.845455+00
53	4	ACTIVE	3	2	\N	2025-09-03 11:30:08.062517+00
54	4	ACTIVE	3	2	\N	2025-09-03 11:41:54.302345+00
25	4	ACTIVE	2	3	\N	2025-09-02 17:36:40.706059+00
26	4	ACTIVE	2	3	\N	2025-09-02 17:36:40.759506+00
27	4	ACTIVE	2	3	\N	2025-09-02 17:55:43.21551+00
28	4	ACTIVE	3	2	\N	2025-09-02 18:36:01.961341+00
29	4	ACTIVE	3	2	\N	2025-09-02 18:39:05.991687+00
30	4	ACTIVE	3	2	\N	2025-09-02 18:42:01.244091+00
31	4	ACTIVE	3	2	\N	2025-09-02 18:53:05.978484+00
32	4	ACTIVE	3	2	\N	2025-09-02 18:53:30.894175+00
33	4	ACTIVE	3	2	\N	2025-09-02 18:54:34.912293+00
55	4	ACTIVE	3	2	\N	2025-09-03 12:11:47.422155+00
56	4	ACTIVE	3	2	\N	2025-09-03 12:12:23.052957+00
60	4	WAITING	3	\N	\N	2025-09-03 12:59:06.844764+00
57	4	ACTIVE	3	2	\N	2025-09-03 12:57:51.351278+00
61	4	WAITING	3	\N	\N	2025-09-03 12:59:26.474743+00
58	4	ACTIVE	3	2	\N	2025-09-03 12:58:10.478783+00
62	4	WAITING	3	\N	\N	2025-09-03 13:02:04.291412+00
59	4	ACTIVE	3	2	\N	2025-09-03 12:58:38.972101+00
\.


--
-- Data for Name: matches; Type: TABLE DATA; Schema: public; Owner: spin_db_ndpd_user
--

COPY public.matches (id, stake_amount, p1_user_id, p2_user_id, winner_user_id, status, system_fee, created_at, finished_at, last_roll, current_turn, p3_user_id, num_players) FROM stdin;
283	0	2	-1000	2	FINISHED	0.00	2025-09-22 06:51:34.013666+00	2025-09-22 06:53:18.014484+00	1	0	\N	2
287	0	2	-1000	-1000	FINISHED	0.00	2025-09-22 07:22:16.5193+00	2025-09-22 07:22:29.01622+00	2	0	\N	2
229	4	3	2	\N	FINISHED	0.00	2025-09-17 17:57:28.193369+00	\N	3	0	\N	2
233	4	2	3	\N	FINISHED	0.00	2025-09-17 19:12:34.775707+00	\N	4	0	\N	2
237	4	3	2	\N	FINISHED	0.00	2025-09-17 20:30:39.200835+00	\N	5	0	\N	2
211	4	3	2	\N	FINISHED	0.00	2025-09-16 13:58:27.033762+00	\N	3	1	\N	2
215	4	3	2	\N	FINISHED	0.00	2025-09-16 15:57:09.518757+00	\N	3	1	\N	2
219	4	2	3	\N	FINISHED	0.00	2025-09-16 17:15:58.589909+00	\N	1	1	\N	2
241	4	2	3	\N	FINISHED	0.00	2025-09-17 21:18:07.320922+00	\N	5	1	\N	2
223	4	2	3	\N	FINISHED	0.00	2025-09-16 17:36:21.576305+00	\N	3	1	\N	2
245	4	3	2	\N	FINISHED	0.00	2025-09-17 22:01:27.810485+00	\N	1	1	\N	2
227	4	2	3	\N	FINISHED	0.00	2025-09-17 15:45:51.275773+00	\N	5	0	\N	2
249	4	3	2	2	FINISHED	1.00	2025-09-18 13:58:57.354043+00	2025-09-18 13:59:36.802116+00	5	1	\N	2
253	4	3	\N	\N	FINISHED	0.00	2025-09-19 16:43:56.719705+00	\N	\N	0	\N	2
277	0	2	-1000	-1000	FINISHED	0.00	2025-09-21 19:51:30.518811+00	2025-09-21 19:51:45.269086+00	2	1	\N	2
281	0	2	-1000	-1000	FINISHED	0.00	2025-09-22 06:45:33.123978+00	2025-09-22 06:45:42.131269+00	\N	1	\N	2
1	4	3	2	\N	FINISHED	0.00	2025-09-04 19:41:00.716437+00	\N	\N	\N	\N	2
209	4	3	\N	\N	FINISHED	0.00	2025-09-16 11:35:27.327939+00	\N	\N	0	\N	2
230	4	3	2	\N	FINISHED	0.00	2025-09-17 18:16:52.865637+00	\N	6	1	\N	2
171	4	3	2	\N	FINISHED	0.00	2025-09-15 17:40:07.814816+00	\N	2	1	\N	2
212	4	2	3	\N	FINISHED	0.00	2025-09-16 14:16:01.029957+00	\N	3	0	\N	2
154	8	3	2	\N	FINISHED	0.00	2025-09-15 15:20:42.464983+00	\N	5	0	\N	2
224	4	3	2	\N	FINISHED	0.00	2025-09-16 18:07:50.077481+00	\N	4	0	\N	2
242	4	2	3	\N	FINISHED	0.00	2025-09-17 21:27:50.508829+00	\N	3	1	\N	2
197	4	3	2	\N	FINISHED	0.00	2025-09-15 21:26:18.053351+00	\N	2	0	\N	2
144	4	3	2	\N	FINISHED	0.00	2025-09-15 14:50:49.132555+00	\N	5	0	\N	2
104	4	2	3	\N	FINISHED	0.00	2025-09-14 11:26:30.675521+00	\N	\N	0	\N	2
105	4	3	2	\N	FINISHED	0.00	2025-09-14 11:43:01.901981+00	\N	\N	0	\N	2
246	1	2	3	\N	FINISHED	0.00	2025-09-17 22:18:46.819322+00	\N	\N	0	\N	2
216	4	2	3	\N	FINISHED	0.00	2025-09-16 16:39:40.831968+00	\N	6	1	\N	2
234	4	3	2	\N	FINISHED	0.00	2025-09-17 19:27:57.464445+00	\N	1	1	\N	2
145	4	3	2	\N	FINISHED	0.00	2025-09-15 15:00:19.024919+00	\N	3	0	\N	2
106	8	3	2	\N	FINISHED	0.00	2025-09-14 11:43:49.861892+00	\N	\N	0	\N	2
155	4	3	2	\N	FINISHED	0.00	2025-09-15 16:34:52.866297+00	\N	4	1	\N	2
186	4	2	3	\N	FINISHED	0.00	2025-09-15 20:05:09.845116+00	\N	3	0	\N	2
107	4	3	2	\N	FINISHED	0.00	2025-09-14 12:54:56.449067+00	\N	\N	0	\N	2
108	4	3	2	\N	FINISHED	0.00	2025-09-14 13:05:24.563453+00	\N	6	0	\N	2
109	4	3	2	\N	FINISHED	0.00	2025-09-14 13:14:50.275625+00	\N	1	1	\N	2
199	4	2	3	\N	FINISHED	0.00	2025-09-15 21:38:03.331028+00	\N	2	1	\N	2
148	4	3	2	\N	FINISHED	0.00	2025-09-15 15:18:24.638919+00	\N	2	0	\N	2
172	4	3	2	\N	FINISHED	0.00	2025-09-15 17:57:21.607745+00	\N	1	1	\N	2
157	4	3	2	\N	FINISHED	0.00	2025-09-15 17:09:25.735728+00	\N	3	1	\N	2
110	4	3	2	\N	FINISHED	0.00	2025-09-14 13:15:41.871485+00	\N	4	1	\N	2
159	4	3	2	\N	FINISHED	0.00	2025-09-15 17:10:38.429907+00	\N	6	0	\N	2
151	4	3	2	\N	FINISHED	0.00	2025-09-15 15:19:04.238406+00	\N	5	0	\N	2
149	4	3	2	\N	FINISHED	0.00	2025-09-15 15:18:37.58798+00	\N	2	1	\N	2
111	4	3	2	\N	FINISHED	0.00	2025-09-14 13:16:25.805886+00	\N	3	1	\N	2
201	4	2	3	\N	FINISHED	0.00	2025-09-15 21:42:17.57916+00	\N	3	1	\N	2
152	12	3	2	\N	FINISHED	0.00	2025-09-15 15:19:15.885398+00	\N	6	1	\N	2
112	4	3	2	\N	FINISHED	0.00	2025-09-14 13:30:59.032122+00	\N	5	1	\N	2
161	4	3	2	\N	FINISHED	0.00	2025-09-15 17:12:24.644537+00	\N	2	0	\N	2
187	4	2	3	\N	FINISHED	0.00	2025-09-15 20:06:51.099365+00	\N	2	1	\N	2
174	4	3	2	\N	FINISHED	0.00	2025-09-15 18:25:51.874973+00	\N	1	0	\N	2
163	4	3	2	\N	FINISHED	0.00	2025-09-15 17:16:09.419751+00	\N	6	0	\N	2
113	4	2	3	\N	FINISHED	0.00	2025-09-14 13:44:34.012111+00	\N	6	1	\N	2
114	4	3	2	\N	FINISHED	0.00	2025-09-14 13:54:01.63176+00	\N	6	1	\N	2
115	4	3	2	\N	FINISHED	0.00	2025-09-14 13:55:08.233907+00	\N	\N	0	\N	2
176	4	3	2	\N	FINISHED	0.00	2025-09-15 18:33:55.89585+00	\N	1	1	\N	2
165	4	2	3	\N	FINISHED	0.00	2025-09-15 17:30:23.5564+00	\N	6	1	\N	2
203	4	3	2	\N	FINISHED	0.00	2025-09-16 07:33:30.637649+00	\N	1	1	\N	2
220	4	2	3	\N	FINISHED	0.00	2025-09-16 17:21:55.984774+00	\N	6	1	\N	2
167	4	3	2	\N	FINISHED	0.00	2025-09-15 17:32:21.096779+00	\N	5	1	\N	2
228	4	3	2	\N	FINISHED	0.00	2025-09-17 16:35:10.801547+00	\N	6	0	\N	2
169	4	3	2	\N	FINISHED	0.00	2025-09-15 17:38:40.563019+00	\N	1	0	\N	2
182	4	2	3	\N	FINISHED	0.00	2025-09-15 19:06:11.757795+00	\N	\N	0	\N	2
116	4	3	2	\N	FINISHED	0.00	2025-09-14 13:58:31.183651+00	\N	2	0	\N	2
117	4	3	2	\N	FINISHED	0.00	2025-09-14 14:00:27.172386+00	\N	\N	0	\N	2
118	4	3	2	\N	FINISHED	0.00	2025-09-14 14:08:12.668953+00	\N	\N	0	\N	2
184	4	2	3	\N	FINISHED	0.00	2025-09-15 19:07:25.768066+00	\N	2	1	\N	2
205	4	3	2	3	FINISHED	1.00	2025-09-16 09:10:04.941027+00	2025-09-16 10:30:10.770775+00	1	0	\N	2
191	4	2	3	\N	FINISHED	0.00	2025-09-15 20:50:30.233927+00	\N	2	0	\N	2
119	4	2	3	\N	FINISHED	0.00	2025-09-14 14:08:35.968267+00	\N	\N	0	\N	2
120	4	3	2	\N	FINISHED	0.00	2025-09-14 14:09:29.902255+00	\N	\N	0	\N	2
278	0	3	-1000	-1000	FINISHED	0.00	2025-09-22 06:44:15.043401+00	2025-09-22 06:45:02.217734+00	5	0	\N	2
121	4	3	2	\N	FINISHED	0.00	2025-09-14 14:10:22.321786+00	\N	2	1	\N	2
137	4	3	2	\N	FINISHED	0.00	2025-09-15 08:56:31.489976+00	\N	3	0	\N	2
141	4	2	3	\N	FINISHED	0.00	2025-09-15 09:22:27.72297+00	\N	2	1	\N	2
178	4	3	2	\N	FINISHED	0.00	2025-09-15 18:44:51.692095+00	\N	4	1	\N	2
180	4	2	3	\N	FINISHED	0.00	2025-09-15 18:54:46.789089+00	\N	1	1	\N	2
189	4	2	3	\N	FINISHED	0.00	2025-09-15 20:44:25.843514+00	\N	5	0	\N	2
195	4	3	2	\N	FINISHED	0.00	2025-09-15 21:19:54.90871+00	\N	3	1	\N	2
193	4	2	3	\N	FINISHED	0.00	2025-09-15 21:13:32.355625+00	\N	1	0	\N	2
254	4	3	2	3	FINISHED	1.00	2025-09-21 05:37:14.886611+00	2025-09-21 05:37:44.559386+00	5	0	\N	2
207	4	3	2	2	FINISHED	1.00	2025-09-16 09:11:01.445474+00	2025-09-16 12:17:52.851381+00	2	1	\N	2
2	4	3	2	\N	FINISHED	0.00	2025-09-04 19:46:42.221024+00	\N	\N	\N	\N	2
3	4	3	2	\N	FINISHED	0.00	2025-09-04 20:00:14.080392+00	\N	\N	\N	\N	2
4	4	3	2	\N	FINISHED	0.00	2025-09-04 20:00:14.482338+00	\N	\N	\N	\N	2
5	4	2	3	\N	FINISHED	0.00	2025-09-04 20:01:20.676443+00	\N	\N	\N	\N	2
6	4	3	2	\N	FINISHED	0.00	2025-09-04 20:39:23.576705+00	\N	\N	\N	\N	2
7	4	3	2	\N	FINISHED	0.00	2025-09-04 20:39:24.08995+00	\N	\N	\N	\N	2
8	4	3	2	\N	FINISHED	0.00	2025-09-04 21:15:11.544829+00	\N	\N	\N	\N	2
9	4	3	2	\N	FINISHED	0.00	2025-09-04 21:15:11.628686+00	\N	\N	\N	\N	2
10	4	3	2	\N	FINISHED	0.00	2025-09-04 21:23:48.870539+00	\N	\N	\N	\N	2
11	4	3	2	\N	FINISHED	0.00	2025-09-04 21:23:48.968306+00	\N	\N	\N	\N	2
12	4	3	2	\N	FINISHED	0.00	2025-09-05 09:15:23.781236+00	\N	\N	0	\N	2
13	4	3	2	\N	FINISHED	0.00	2025-09-05 09:15:24.290508+00	\N	2	0	\N	2
14	4	3	2	\N	FINISHED	0.00	2025-09-05 09:17:19.417706+00	\N	2	0	\N	2
15	4	3	2	\N	FINISHED	0.00	2025-09-05 09:25:40.284612+00	\N	\N	0	\N	2
16	4	3	2	\N	FINISHED	0.00	2025-09-05 11:12:05.123914+00	\N	\N	\N	\N	2
17	4	3	2	\N	FINISHED	0.00	2025-09-05 11:12:05.177351+00	\N	\N	0	\N	2
18	4	2	3	\N	FINISHED	0.00	2025-09-05 12:28:24.553644+00	\N	1	1	\N	2
19	4	3	2	\N	FINISHED	0.00	2025-09-05 12:28:26.582679+00	\N	\N	0	\N	2
238	8	3	2	\N	FINISHED	0.00	2025-09-17 20:32:51.522091+00	\N	6	1	\N	2
250	8	3	2	3	FINISHED	2.00	2025-09-18 14:06:20.903024+00	2025-09-18 14:06:42.380148+00	3	0	\N	2
284	0	2	-1000	-1000	FINISHED	0.00	2025-09-22 07:06:19.260214+00	2025-09-22 07:06:37.493147+00	5	1	\N	2
282	0	2	-1000	-1000	FINISHED	0.00	2025-09-22 06:48:14.181664+00	2025-09-22 06:48:25.371782+00	5	0	\N	2
153	12	3	2	\N	FINISHED	0.00	2025-09-15 15:20:18.308651+00	\N	5	0	\N	2
136	4	3	2	\N	FINISHED	0.00	2025-09-15 08:51:22.598778+00	\N	6	0	\N	2
204	4	2	3	\N	FINISHED	0.00	2025-09-16 07:34:20.669992+00	\N	6	1	\N	2
138	4	3	2	\N	FINISHED	0.00	2025-09-15 09:07:44.451077+00	\N	3	0	\N	2
156	4	3	2	\N	FINISHED	0.00	2025-09-15 17:08:44.582971+00	\N	3	0	\N	2
208	4	3	\N	\N	FINISHED	0.00	2025-09-16 10:29:43.605035+00	\N	\N	0	\N	2
122	4	3	2	\N	FINISHED	0.00	2025-09-14 14:41:19.240409+00	\N	\N	\N	\N	2
139	4	3	2	\N	FINISHED	0.00	2025-09-15 09:08:15.552106+00	\N	3	1	\N	2
123	4	3	2	\N	FINISHED	0.00	2025-09-14 19:05:00.371629+00	\N	5	0	\N	2
124	4	3	2	\N	FINISHED	0.00	2025-09-14 19:15:06.357117+00	\N	6	1	\N	2
210	4	3	\N	\N	FINISHED	0.00	2025-09-16 12:16:08.170069+00	\N	\N	0	\N	2
158	4	3	2	\N	FINISHED	0.00	2025-09-15 17:09:59.86918+00	\N	5	0	\N	2
217	4	2	3	\N	FINISHED	0.00	2025-09-16 16:42:47.386859+00	\N	3	1	\N	2
213	4	3	2	\N	FINISHED	0.00	2025-09-16 14:25:32.575931+00	\N	5	0	\N	2
221	4	2	3	\N	FINISHED	0.00	2025-09-16 17:22:29.822918+00	\N	1	1	\N	2
225	4	3	2	\N	FINISHED	0.00	2025-09-16 18:13:26.818048+00	\N	6	0	\N	2
185	4	2	3	\N	FINISHED	0.00	2025-09-15 19:09:49.427817+00	\N	4	1	\N	2
231	4	2	3	\N	FINISHED	0.00	2025-09-17 18:42:28.087549+00	\N	5	1	\N	2
235	4	2	3	\N	FINISHED	0.00	2025-09-17 19:44:11.070962+00	\N	5	0	\N	2
239	4	3	2	\N	FINISHED	0.00	2025-09-17 20:35:21.885363+00	\N	2	1	\N	2
140	4	2	3	\N	FINISHED	0.00	2025-09-15 09:14:21.406221+00	\N	4	1	\N	2
160	4	3	2	\N	FINISHED	0.00	2025-09-15 17:11:40.779232+00	\N	3	0	\N	2
142	4	3	2	\N	FINISHED	0.00	2025-09-15 09:29:18.077389+00	\N	6	0	\N	2
243	4	2	3	\N	FINISHED	0.00	2025-09-17 21:32:08.661351+00	\N	\N	0	\N	2
247	4	3	2	\N	FINISHED	0.00	2025-09-17 22:26:55.50792+00	\N	3	1	\N	2
125	4	3	2	\N	FINISHED	0.00	2025-09-14 19:55:12.806136+00	\N	\N	0	\N	2
206	4	3	2	3	FINISHED	1.00	2025-09-16 09:10:23.565805+00	2025-09-16 11:35:59.443709+00	2	0	\N	2
143	4	3	2	\N	FINISHED	0.00	2025-09-15 14:42:20.849148+00	\N	3	0	\N	2
135	4	3	2	\N	FINISHED	0.00	2025-09-15 08:50:34.138518+00	\N	4	1	\N	2
20	4	3	2	\N	FINISHED	0.00	2025-09-05 13:13:08.295219+00	\N	\N	0	\N	2
162	4	3	2	\N	FINISHED	0.00	2025-09-15 17:13:35.380605+00	\N	6	0	\N	2
21	4	3	2	\N	FINISHED	0.00	2025-09-05 13:13:08.390637+00	\N	\N	0	\N	2
190	4	3	2	\N	FINISHED	0.00	2025-09-15 20:49:24.774395+00	\N	6	0	\N	2
146	4	2	3	\N	FINISHED	0.00	2025-09-15 15:08:00.426426+00	\N	3	1	\N	2
22	4	3	2	\N	FINISHED	0.00	2025-09-05 13:14:39.706435+00	\N	\N	0	\N	2
164	4	3	2	\N	FINISHED	0.00	2025-09-15 17:17:00.163479+00	\N	6	1	\N	2
147	4	2	3	\N	FINISHED	0.00	2025-09-15 15:17:30.783241+00	\N	6	0	\N	2
173	4	3	2	\N	FINISHED	0.00	2025-09-15 18:05:47.20219+00	\N	1	0	\N	2
251	4	3	2	2	FINISHED	1.00	2025-09-18 15:00:23.097099+00	2025-09-18 15:01:00.593113+00	6	1	\N	2
150	8	3	2	\N	FINISHED	0.00	2025-09-15 15:18:51.163018+00	\N	5	0	\N	2
23	4	3	2	\N	FINISHED	0.00	2025-09-05 13:15:55.557426+00	\N	\N	0	\N	2
24	4	3	2	\N	FINISHED	0.00	2025-09-05 13:20:46.435917+00	\N	\N	0	\N	2
25	4	3	2	\N	FINISHED	0.00	2025-09-05 13:29:10.297838+00	\N	\N	0	\N	2
26	4	3	2	\N	FINISHED	0.00	2025-09-05 13:29:10.37308+00	\N	1	0	\N	2
192	4	2	3	\N	FINISHED	0.00	2025-09-15 21:12:42.770912+00	\N	6	0	\N	2
168	4	3	2	\N	FINISHED	0.00	2025-09-15 17:37:54.782832+00	\N	2	0	\N	2
175	4	3	2	\N	FINISHED	0.00	2025-09-15 18:27:08.420302+00	\N	5	0	\N	2
255	20	2	\N	\N	FINISHED	0.00	2025-09-21 06:43:29.804467+00	\N	\N	1	\N	2
285	0	2	-1000	-1000	FINISHED	0.00	2025-09-22 07:20:41.973931+00	2025-09-22 07:21:03.450055+00	5	1	\N	2
27	4	3	2	\N	FINISHED	0.00	2025-09-05 13:29:40.015088+00	\N	\N	0	\N	2
28	4	3	2	\N	FINISHED	0.00	2025-09-05 13:52:03.41744+00	\N	\N	0	\N	2
29	4	3	2	\N	FINISHED	0.00	2025-09-05 13:52:03.73793+00	\N	3	0	\N	2
30	4	3	2	\N	FINISHED	0.00	2025-09-05 13:59:00.459506+00	\N	\N	0	\N	2
194	4	3	2	\N	FINISHED	0.00	2025-09-15 21:19:06.24448+00	\N	4	1	\N	2
31	4	3	2	\N	FINISHED	0.00	2025-09-05 13:59:00.636047+00	\N	\N	0	\N	2
32	4	3	2	\N	FINISHED	0.00	2025-09-05 15:04:26.119511+00	\N	\N	\N	\N	2
33	4	3	2	\N	FINISHED	0.00	2025-09-05 15:04:26.222852+00	\N	\N	\N	\N	2
196	4	3	2	\N	FINISHED	0.00	2025-09-15 21:20:22.774557+00	\N	3	0	\N	2
34	4	3	2	\N	FINISHED	0.00	2025-09-05 15:04:28.460924+00	\N	\N	\N	\N	2
35	4	3	2	\N	FINISHED	0.00	2025-09-05 15:04:28.504836+00	\N	\N	\N	\N	2
36	4	3	2	\N	FINISHED	0.00	2025-09-05 15:04:30.654908+00	\N	\N	\N	\N	2
179	4	3	2	\N	FINISHED	0.00	2025-09-15 18:45:08.918928+00	\N	1	1	\N	2
37	4	3	2	\N	FINISHED	0.00	2025-09-05 15:04:30.815944+00	\N	\N	\N	\N	2
38	4	3	2	\N	FINISHED	0.00	2025-09-12 17:41:09.473514+00	\N	\N	0	\N	2
198	4	3	2	\N	FINISHED	0.00	2025-09-15 21:27:19.351329+00	\N	1	0	\N	2
181	4	2	3	\N	FINISHED	0.00	2025-09-15 18:55:12.374005+00	\N	6	0	\N	2
183	4	2	3	\N	FINISHED	0.00	2025-09-15 19:06:47.267932+00	\N	\N	0	\N	2
39	4	3	2	\N	FINISHED	0.00	2025-09-12 17:41:09.474597+00	\N	\N	0	\N	2
40	4	3	2	\N	FINISHED	0.00	2025-09-12 17:41:11.663814+00	\N	\N	0	\N	2
41	4	3	2	\N	FINISHED	0.00	2025-09-12 17:41:12.262963+00	\N	\N	0	\N	2
200	4	3	2	\N	FINISHED	0.00	2025-09-15 21:39:16.186302+00	\N	6	0	\N	2
42	4	3	2	\N	FINISHED	0.00	2025-09-12 17:41:14.394952+00	\N	\N	0	\N	2
43	4	3	2	\N	FINISHED	0.00	2025-09-12 17:41:14.458275+00	\N	\N	0	\N	2
44	4	3	2	\N	FINISHED	0.00	2025-09-12 18:09:44.022674+00	\N	\N	0	\N	2
202	12	3	2	\N	FINISHED	0.00	2025-09-15 21:42:41.310801+00	\N	1	1	\N	2
45	4	3	2	\N	FINISHED	0.00	2025-09-12 18:09:44.243474+00	\N	\N	0	\N	2
46	4	3	2	\N	FINISHED	0.00	2025-09-12 18:09:46.888598+00	\N	\N	0	\N	2
47	4	3	2	\N	FINISHED	0.00	2025-09-12 18:09:47.008044+00	\N	\N	0	\N	2
48	4	3	2	\N	FINISHED	0.00	2025-09-12 18:09:49.078076+00	\N	\N	0	\N	2
49	4	3	2	\N	FINISHED	0.00	2025-09-12 18:09:49.209367+00	\N	\N	0	\N	2
126	4	3	2	\N	FINISHED	0.00	2025-09-14 20:08:16.683464+00	\N	5	0	\N	2
50	4	3	2	\N	FINISHED	0.00	2025-09-12 18:22:36.573408+00	\N	\N	0	\N	2
51	4	3	2	\N	FINISHED	0.00	2025-09-12 18:22:36.633297+00	\N	\N	0	\N	2
52	4	3	2	\N	FINISHED	0.00	2025-09-12 18:22:38.744186+00	\N	\N	0	\N	2
53	4	3	2	\N	FINISHED	0.00	2025-09-12 18:22:38.834048+00	\N	\N	0	\N	2
54	4	3	2	\N	FINISHED	0.00	2025-09-12 18:22:41.053092+00	\N	\N	0	\N	2
55	4	3	2	\N	FINISHED	0.00	2025-09-12 18:22:41.654466+00	\N	\N	0	\N	2
56	4	3	2	\N	FINISHED	0.00	2025-09-12 19:01:35.402964+00	\N	\N	0	\N	2
57	4	3	2	\N	FINISHED	0.00	2025-09-12 19:01:36.169596+00	\N	\N	0	\N	2
58	4	3	2	\N	FINISHED	0.00	2025-09-12 19:03:25.07297+00	\N	\N	0	\N	2
59	4	3	2	\N	FINISHED	0.00	2025-09-12 19:11:46.281646+00	\N	\N	0	\N	2
60	4	3	2	\N	FINISHED	0.00	2025-09-12 19:11:46.990982+00	\N	\N	0	\N	2
61	4	3	2	\N	FINISHED	0.00	2025-09-12 19:20:47.398328+00	\N	\N	0	\N	2
62	4	3	2	\N	FINISHED	0.00	2025-09-12 19:20:47.560593+00	\N	\N	0	\N	2
63	4	3	2	\N	FINISHED	0.00	2025-09-13 15:05:35.323328+00	\N	\N	0	\N	2
64	4	3	2	\N	FINISHED	0.00	2025-09-13 15:06:19.88168+00	\N	\N	0	\N	2
65	4	3	2	\N	FINISHED	0.00	2025-09-13 15:06:42.675639+00	\N	\N	0	\N	2
66	4	3	2	\N	FINISHED	0.00	2025-09-13 15:09:26.525827+00	\N	\N	0	\N	2
67	4	3	2	\N	FINISHED	0.00	2025-09-13 15:18:27.236809+00	\N	\N	0	\N	2
68	4	3	2	\N	FINISHED	0.00	2025-09-14 08:28:26.087367+00	\N	\N	0	\N	2
127	4	2	3	\N	FINISHED	0.00	2025-09-14 21:21:06.94272+00	\N	\N	0	\N	2
271	4	3	2	\N	FINISHED	0.00	2025-09-21 18:45:17.080077+00	\N	2	1	\N	2
279	0	2	-1000	-1000	FINISHED	0.00	2025-09-22 06:44:16.371343+00	2025-09-22 06:44:51.454836+00	1	0	\N	2
69	4	3	2	\N	FINISHED	0.00	2025-09-14 08:29:26.725234+00	\N	\N	0	\N	2
70	4	3	2	\N	FINISHED	0.00	2025-09-14 08:33:18.802112+00	\N	\N	0	\N	2
71	8	3	2	\N	FINISHED	0.00	2025-09-14 08:33:51.565198+00	\N	\N	0	\N	2
72	4	3	2	\N	FINISHED	0.00	2025-09-14 08:34:41.36411+00	\N	\N	0	\N	2
73	12	2	3	\N	FINISHED	0.00	2025-09-14 08:34:58.993271+00	\N	\N	0	\N	2
74	12	3	2	\N	FINISHED	0.00	2025-09-14 08:35:38.368021+00	\N	\N	0	\N	2
75	4	3	2	\N	FINISHED	0.00	2025-09-14 08:35:56.310401+00	\N	\N	0	\N	2
76	8	3	2	\N	FINISHED	0.00	2025-09-14 08:36:12.24472+00	\N	\N	0	\N	2
77	4	3	2	\N	FINISHED	0.00	2025-09-14 08:37:23.305767+00	\N	\N	0	\N	2
78	4	3	2	\N	FINISHED	0.00	2025-09-14 08:47:30.293396+00	\N	\N	0	\N	2
79	8	2	3	\N	FINISHED	0.00	2025-09-14 08:50:48.960915+00	\N	\N	0	\N	2
80	8	3	2	\N	FINISHED	0.00	2025-09-14 08:51:08.469383+00	\N	\N	0	\N	2
81	8	3	2	\N	FINISHED	0.00	2025-09-14 08:51:20.716868+00	\N	\N	0	\N	2
82	12	2	3	\N	FINISHED	0.00	2025-09-14 08:51:40.328103+00	\N	\N	0	\N	2
83	12	3	2	\N	FINISHED	0.00	2025-09-14 08:52:38.825912+00	\N	\N	0	\N	2
84	12	2	3	\N	FINISHED	0.00	2025-09-14 08:53:03.912906+00	\N	\N	0	\N	2
85	4	3	2	\N	FINISHED	0.00	2025-09-14 08:54:15.902468+00	\N	\N	0	\N	2
86	4	3	2	\N	FINISHED	0.00	2025-09-14 08:57:57.831355+00	\N	\N	0	\N	2
87	4	3	2	\N	FINISHED	0.00	2025-09-14 10:58:42.205603+00	\N	\N	0	\N	2
88	4	3	2	\N	FINISHED	0.00	2025-09-14 11:08:11.333108+00	\N	\N	0	\N	2
89	8	3	2	\N	FINISHED	0.00	2025-09-14 11:08:34.661157+00	\N	\N	0	\N	2
90	12	2	3	\N	FINISHED	0.00	2025-09-14 11:08:55.068467+00	\N	\N	0	\N	2
91	4	3	2	\N	FINISHED	0.00	2025-09-14 11:10:05.255488+00	\N	\N	0	\N	2
92	4	3	2	\N	FINISHED	0.00	2025-09-14 11:11:06.674964+00	\N	\N	0	\N	2
93	8	3	2	\N	FINISHED	0.00	2025-09-14 11:11:54.591469+00	\N	\N	0	\N	2
94	8	3	2	\N	FINISHED	0.00	2025-09-14 11:12:51.548905+00	\N	\N	0	\N	2
95	4	3	2	\N	FINISHED	0.00	2025-09-14 11:13:18.888923+00	\N	\N	0	\N	2
96	4	3	2	\N	FINISHED	0.00	2025-09-14 11:15:09.390017+00	\N	\N	0	\N	2
97	4	3	2	\N	FINISHED	0.00	2025-09-14 11:16:50.97993+00	\N	\N	0	\N	2
98	4	3	2	\N	FINISHED	0.00	2025-09-14 11:18:45.590567+00	\N	\N	0	\N	2
99	8	3	2	\N	FINISHED	0.00	2025-09-14 11:19:06.194536+00	\N	\N	0	\N	2
100	4	3	2	\N	FINISHED	0.00	2025-09-14 11:19:21.535905+00	\N	\N	0	\N	2
101	12	3	2	\N	FINISHED	0.00	2025-09-14 11:19:38.506133+00	\N	\N	0	\N	2
102	4	3	2	\N	FINISHED	0.00	2025-09-14 11:20:14.872444+00	\N	\N	0	\N	2
103	12	3	2	\N	FINISHED	0.00	2025-09-14 11:20:47.649678+00	\N	\N	0	\N	2
128	4	2	3	\N	FINISHED	0.00	2025-09-14 21:35:34.827362+00	\N	\N	0	\N	2
129	4	3	2	\N	FINISHED	0.00	2025-09-14 21:42:07.052138+00	\N	\N	0	\N	2
130	8	2	3	\N	FINISHED	0.00	2025-09-14 21:50:03.697381+00	\N	\N	0	\N	2
131	4	3	2	\N	FINISHED	0.00	2025-09-14 21:58:15.632503+00	\N	3	1	\N	2
132	4	3	2	\N	FINISHED	0.00	2025-09-14 22:17:56.672063+00	\N	1	1	\N	2
133	4	2	3	\N	FINISHED	0.00	2025-09-14 22:31:52.318125+00	\N	3	0	\N	2
134	4	3	2	\N	FINISHED	0.00	2025-09-14 22:50:21.621208+00	\N	3	0	\N	2
166	4	2	3	\N	FINISHED	0.00	2025-09-15 17:31:39.504848+00	\N	5	0	\N	2
170	4	3	2	\N	FINISHED	0.00	2025-09-15 17:39:33.269947+00	\N	1	1	\N	2
177	4	3	2	\N	FINISHED	0.00	2025-09-15 18:44:26.23491+00	\N	3	1	\N	2
188	4	2	3	\N	FINISHED	0.00	2025-09-15 20:41:29.071048+00	\N	\N	0	\N	2
232	4	2	3	\N	FINISHED	0.00	2025-09-17 19:11:24.691277+00	\N	2	1	\N	2
286	0	2	-1000	-1000	FINISHED	0.00	2025-09-22 07:21:09.614742+00	2025-09-22 07:22:06.268154+00	5	0	\N	2
236	4	2	3	\N	FINISHED	0.00	2025-09-17 20:06:22.799506+00	\N	3	1	\N	2
240	4	2	3	\N	FINISHED	0.00	2025-09-17 21:11:56.778025+00	\N	\N	0	\N	2
214	4	3	2	\N	FINISHED	0.00	2025-09-16 15:54:04.385914+00	\N	6	0	\N	2
244	4	2	3	\N	FINISHED	0.00	2025-09-17 21:35:54.887999+00	\N	\N	0	\N	2
218	4	2	3	\N	FINISHED	0.00	2025-09-16 17:10:06.630174+00	\N	2	1	\N	2
248	4	3	2	\N	FINISHED	0.00	2025-09-18 10:48:56.264259+00	\N	\N	0	\N	2
222	4	2	3	\N	FINISHED	0.00	2025-09-16 17:31:10.477681+00	\N	2	1	\N	2
252	8	3	2	2	FINISHED	2.00	2025-09-18 15:02:10.034027+00	2025-09-18 15:03:05.557572+00	3	1	\N	2
226	4	2	3	\N	FINISHED	0.00	2025-09-16 18:14:43.112146+00	\N	1	0	\N	2
280	0	4	-1000	-1000	FINISHED	0.00	2025-09-22 06:44:17.869935+00	2025-09-22 06:45:07.827735+00	6	0	\N	2
\.


--
-- Data for Name: otps; Type: TABLE DATA; Schema: public; Owner: spin_db_ndpd_user
--

COPY public.otps (id, phone, code, used, expires_at, created_at, session_id) FROM stdin;
1	stringstri	266582	f	2025-08-25 13:29:33.008427+00	2025-08-25 13:24:33.021049+00	\N
2	9360649151	582421	f	2025-08-25 18:21:52.073613+00	2025-08-25 18:16:52.088527+00	\N
8	9360649151	\N	f	2025-08-26 11:41:31.077712+00	2025-08-26 11:36:31.091391+00	4933a79c-af5b-45d2-a444-1517bb8a88a7
9	7200553957	\N	f	2025-08-26 11:49:42.922791+00	2025-08-26 11:44:42.933919+00	8e3e6ce9-9e56-4572-bebe-ef61c1d77904
10	7200553957	\N	f	2025-08-26 11:49:43.572558+00	2025-08-26 11:44:43.577789+00	95a2d5e4-5497-4c93-872e-daefed5f48f7
11	7200553957	\N	f	2025-08-26 11:59:15.232241+00	2025-08-26 11:54:15.235883+00	19852347-6132-42d6-a0fb-780c1272189f
12	7200553957	\N	f	2025-08-26 12:31:33.660264+00	2025-08-26 12:26:33.675765+00	43bf007b-e6a2-4cb3-9175-82c741626bac
13	9360649151	\N	f	2025-08-26 12:32:02.324049+00	2025-08-26 12:27:02.325791+00	966ff605-d60d-4022-9207-71b66c9b77a3
14	9360649151	\N	f	2025-08-26 12:41:21.667588+00	2025-08-26 12:36:21.668894+00	49e0fdcf-7271-406b-bf45-07e9971a3840
15	9360649151	\N	f	2025-08-26 12:53:10.28983+00	2025-08-26 12:48:10.302089+00	0cd56965-a48e-4a71-b4fb-3fc1699811ea
16	9360649151	\N	f	2025-08-26 14:33:28.57151+00	2025-08-26 14:28:28.582608+00	a393f991-e24b-412b-89c6-09276eb78e36
17	9360649151	\N	f	2025-08-26 14:33:28.61213+00	2025-08-26 14:28:28.616964+00	809dbc73-a060-492a-86e9-5a13306eeff0
18	9360649151	\N	f	2025-08-26 14:33:29.600219+00	2025-08-26 14:28:29.604179+00	dd50fc5f-28cf-4f70-a4a0-14207a99aba9
19	9360649151	\N	f	2025-08-26 14:33:36.855776+00	2025-08-26 14:28:36.86172+00	901f0351-7d15-48b3-8737-9a634ea26881
20	6383027394	\N	f	2025-08-27 08:34:47.940952+00	2025-08-27 08:29:47.954149+00	225362eb-c620-49e0-887c-bd4b10ae3b93
21	6383027394	\N	f	2025-08-27 08:34:48.351746+00	2025-08-27 08:29:48.360385+00	fd921112-4941-41b5-b7cc-8bb6c076f3fe
22	6383027394	\N	f	2025-08-27 08:34:48.357513+00	2025-08-27 08:29:48.528921+00	775366b4-47e7-49a9-aa1a-e355c7efb535
23	8148607134	\N	f	2025-08-27 08:55:00.564757+00	2025-08-27 08:50:00.580703+00	e6f84193-c036-4920-8547-8b4eed3f5722
24	9360649151	\N	f	2025-08-27 09:07:58.397035+00	2025-08-27 09:02:58.402995+00	48492087-4c1d-4038-a1ca-4a07e69f73c4
25	9360649151	334713	f	2025-08-28 05:03:46.259439+00	2025-08-28 04:58:46.256767+00	\N
26	9360649151	113984	f	2025-08-28 05:15:14.55675+00	2025-08-28 05:10:14.552343+00	\N
27	7200553957	188708	f	2025-08-28 05:17:21.366404+00	2025-08-28 05:12:21.357979+00	\N
28	9360649151	434119	f	2025-08-28 05:18:03.255495+00	2025-08-28 05:13:03.251528+00	\N
29	7200553957	958268	f	2025-08-28 05:18:35.975489+00	2025-08-28 05:13:35.97191+00	\N
30	7200553957	356797	f	2025-08-28 05:21:56.071966+00	2025-08-28 05:16:56.06833+00	\N
31	7200553957	377790	f	2025-08-28 05:22:06.126243+00	2025-08-28 05:17:06.108844+00	\N
32	7200553957	685339	f	2025-08-28 05:22:09.284078+00	2025-08-28 05:17:09.280819+00	\N
33	7200553957	674753	f	2025-08-28 05:22:10.571838+00	2025-08-28 05:17:10.567055+00	\N
34	7200553957	167390	t	2025-08-28 05:22:56.510021+00	2025-08-28 05:17:56.507071+00	\N
35	1234567899	766415	t	2025-08-29 14:37:55.58472+00	2025-08-29 14:32:55.578988+00	\N
36	1234567899	698282	f	2025-08-29 16:16:41.484137+00	2025-08-29 16:11:41.477792+00	\N
37	1234567899	585141	t	2025-08-29 16:16:41.849778+00	2025-08-29 16:11:41.835232+00	\N
38	1234567899	779509	t	2025-08-29 17:16:50.57341+00	2025-08-29 17:11:50.568182+00	\N
39	1234567899	487952	t	2025-08-29 18:06:29.452375+00	2025-08-29 18:01:29.448772+00	\N
40	1234567899	445700	t	2025-08-29 18:17:10.588259+00	2025-08-29 18:12:10.583913+00	\N
41	1234567899	652650	t	2025-08-29 18:38:19.553872+00	2025-08-29 18:33:19.546337+00	\N
42	1234567899	632752	t	2025-08-29 18:43:30.164163+00	2025-08-29 18:38:30.157091+00	\N
43	1234567899	655108	t	2025-08-29 18:48:03.805495+00	2025-08-29 18:43:03.798596+00	\N
44	1234567899	464050	t	2025-08-29 18:53:23.058067+00	2025-08-29 18:48:23.050911+00	\N
45	1234567899	111154	t	2025-08-29 19:07:06.584726+00	2025-08-29 19:02:06.5745+00	\N
46	1234567899	720531	t	2025-08-29 19:14:39.205324+00	2025-08-29 19:09:39.198917+00	\N
47	1234567899	901766	f	2025-08-30 02:46:09.558536+00	2025-08-30 02:41:09.552674+00	\N
48	1234567899	239568	t	2025-08-30 02:46:09.903483+00	2025-08-30 02:41:09.897654+00	\N
49	9360649151	133565	f	2025-08-30 02:58:23.58601+00	2025-08-30 02:53:23.582221+00	\N
50	7200553957	468635	t	2025-08-30 03:02:42.776084+00	2025-08-30 02:57:42.772058+00	\N
51	1234567899	809227	t	2025-08-30 03:12:57.183786+00	2025-08-30 03:07:57.1807+00	\N
52	7200553957	748625	t	2025-08-30 03:13:38.933493+00	2025-08-30 03:08:38.927639+00	\N
54	7200553957	336940	t	2025-09-01 14:19:58.800397+00	2025-09-01 14:14:58.792677+00	\N
53	1234567899	630463	t	2025-09-01 14:19:58.506302+00	2025-09-01 14:14:58.501389+00	\N
56	7200553957	530919	t	2025-09-02 15:57:15.584155+00	2025-09-02 15:52:15.577386+00	\N
55	1234567899	928854	t	2025-09-02 15:57:15.523035+00	2025-09-02 15:52:15.434416+00	\N
57	7200553957	894708	t	2025-09-02 17:11:14.038754+00	2025-09-02 17:06:14.030571+00	\N
58	1234567899	283156	t	2025-09-02 17:11:17.502184+00	2025-09-02 17:06:17.49677+00	\N
59	7200553957	415083	t	2025-09-02 17:40:16.577922+00	2025-09-02 17:35:16.571582+00	\N
60	1234567899	822278	t	2025-09-02 17:40:24.956764+00	2025-09-02 17:35:24.95256+00	\N
61	7200553957	366654	t	2025-09-02 17:59:42.569832+00	2025-09-02 17:54:42.470858+00	\N
62	1234567899	513291	t	2025-09-02 17:59:52.588838+00	2025-09-02 17:54:52.583037+00	\N
63	7200553957	968205	t	2025-09-02 18:39:46.522677+00	2025-09-02 18:34:46.517223+00	\N
64	1234567899	274909	t	2025-09-02 18:39:57.024397+00	2025-09-02 18:34:57.019646+00	\N
66	1234567899	414473	t	2025-09-02 18:42:50.381678+00	2025-09-02 18:37:50.378173+00	\N
65	7200553957	990914	t	2025-09-02 18:42:31.683118+00	2025-09-02 18:37:31.660935+00	\N
67	7200553957	384232	t	2025-09-02 18:56:20.166287+00	2025-09-02 18:51:20.162178+00	\N
68	1234567899	877110	t	2025-09-02 18:56:29.057793+00	2025-09-02 18:51:29.053698+00	\N
69	1234567899	889041	f	2025-09-03 07:14:16.409273+00	2025-09-03 07:09:16.40393+00	\N
70	1234567899	270548	f	2025-09-03 07:14:17.247594+00	2025-09-03 07:09:17.240465+00	\N
71	7200553957	170901	f	2025-09-03 07:17:56.264486+00	2025-09-03 07:12:56.259164+00	\N
72	7200553957	986595	t	2025-09-03 07:46:16.261657+00	2025-09-03 07:41:16.25549+00	\N
73	1234567899	627515	t	2025-09-03 07:46:16.812467+00	2025-09-03 07:41:16.800639+00	\N
74	7200553957	168234	t	2025-09-03 08:00:15.794624+00	2025-09-03 07:55:15.789425+00	\N
75	1234567899	362816	t	2025-09-03 08:00:24.819959+00	2025-09-03 07:55:24.814747+00	\N
77	1234567899	659160	t	2025-09-03 09:01:30.384123+00	2025-09-03 08:56:30.358311+00	\N
76	7200553957	571595	t	2025-09-03 09:01:20.022191+00	2025-09-03 08:56:20.016986+00	\N
78	7200553957	478910	t	2025-09-03 09:05:36.171808+00	2025-09-03 09:00:36.168979+00	\N
79	7200553957	488212	t	2025-09-03 09:49:31.239667+00	2025-09-03 09:44:31.238211+00	\N
80	1234567899	894550	t	2025-09-03 09:49:41.59184+00	2025-09-03 09:44:41.590368+00	\N
81	7200553957	975096	t	2025-09-03 10:03:38.627795+00	2025-09-03 09:58:38.625239+00	\N
82	1234567899	162940	t	2025-09-03 10:03:46.643819+00	2025-09-03 09:58:46.641395+00	\N
83	7200553957	956302	t	2025-09-03 10:09:19.889262+00	2025-09-03 10:04:19.887041+00	\N
84	1234567899	243535	t	2025-09-03 10:09:28.545732+00	2025-09-03 10:04:28.544225+00	\N
85	7200553957	267094	t	2025-09-03 10:18:29.443527+00	2025-09-03 10:13:29.442456+00	\N
86	1234567899	393371	t	2025-09-03 10:18:37.897735+00	2025-09-03 10:13:37.896764+00	\N
87	7200553957	335119	f	2025-09-03 11:30:28.989812+00	2025-09-03 11:25:28.983249+00	\N
88	1234567899	761739	f	2025-09-03 11:30:29.192661+00	2025-09-03 11:25:29.185645+00	\N
90	1234567899	163426	t	2025-09-03 11:30:29.368591+00	2025-09-03 11:25:29.335262+00	\N
89	7200553957	723172	t	2025-09-03 11:30:29.247357+00	2025-09-03 11:25:29.243284+00	\N
92	7200553957	891196	t	2025-09-03 12:59:46.741156+00	2025-09-03 12:54:46.737303+00	\N
91	1234567899	838326	t	2025-09-03 12:59:46.303033+00	2025-09-03 12:54:46.299939+00	\N
93	7200553957	680483	t	2025-09-03 13:16:59.109117+00	2025-09-03 13:11:59.106305+00	\N
94	1234567899	222584	t	2025-09-04 14:29:41.780861+00	2025-09-04 14:24:41.770238+00	\N
95	7200553957	693691	t	2025-09-04 14:29:53.992309+00	2025-09-04 14:24:53.987346+00	\N
96	7200553957	144478	t	2025-09-04 18:11:51.569098+00	2025-09-04 18:06:51.565224+00	\N
98	7200553957	797411	t	2025-09-04 19:21:21.838466+00	2025-09-04 19:16:21.833055+00	\N
97	1234567899	168288	t	2025-09-04 19:21:05.670054+00	2025-09-04 19:16:05.664791+00	\N
99	1234567899	282458	t	2025-09-04 19:27:15.271522+00	2025-09-04 19:22:15.266347+00	\N
100	7200553957	268813	t	2025-09-04 19:27:25.288189+00	2025-09-04 19:22:25.284094+00	\N
102	7200553957	454271	t	2025-09-04 20:04:17.292385+00	2025-09-04 19:59:17.287911+00	\N
101	1234567899	418443	t	2025-09-04 20:04:06.269447+00	2025-09-04 19:59:06.259238+00	\N
104	7200553957	402443	t	2025-09-04 20:43:29.933302+00	2025-09-04 20:38:29.930402+00	\N
103	1234567899	598756	t	2025-09-04 20:43:18.655494+00	2025-09-04 20:38:18.651084+00	\N
106	7200553957	767987	t	2025-09-04 21:19:21.207456+00	2025-09-04 21:14:21.203959+00	\N
105	1234567899	887345	t	2025-09-04 21:18:42.045351+00	2025-09-04 21:13:42.039774+00	\N
108	7200553957	834330	t	2025-09-04 21:28:14.256686+00	2025-09-04 21:23:14.252916+00	\N
107	1234567899	149858	t	2025-09-04 21:27:36.372005+00	2025-09-04 21:22:36.365407+00	\N
110	7200553957	514884	t	2025-09-05 09:19:27.636617+00	2025-09-05 09:14:27.630791+00	\N
109	1234567899	331837	t	2025-09-05 09:19:13.319394+00	2025-09-05 09:14:13.313277+00	\N
111	7200553957	445873	f	2025-09-05 10:11:13.083122+00	2025-09-05 10:06:13.078246+00	\N
112	7200553957	705038	f	2025-09-05 10:11:13.444322+00	2025-09-05 10:06:13.438777+00	\N
113	1234567899	939649	f	2025-09-05 10:11:13.575045+00	2025-09-05 10:06:13.569148+00	\N
114	1234567899	425583	f	2025-09-05 10:11:13.669785+00	2025-09-05 10:06:13.645067+00	\N
115	1234567899	115417	f	2025-09-05 10:11:13.731356+00	2025-09-05 10:06:13.726303+00	\N
116	1234567899	147161	f	2025-09-05 10:11:14.137075+00	2025-09-05 10:06:14.130415+00	\N
117	1234567899	173667	f	2025-09-05 10:11:15.34998+00	2025-09-05 10:06:15.345104+00	\N
118	1234567899	264553	f	2025-09-05 11:07:36.755472+00	2025-09-05 11:02:36.671614+00	\N
119	7200553957	177806	f	2025-09-05 11:07:36.911371+00	2025-09-05 11:02:36.909083+00	\N
120	7200553957	663341	f	2025-09-05 11:07:36.993234+00	2025-09-05 11:02:36.985906+00	\N
121	1234567899	997743	f	2025-09-05 11:07:37.379925+00	2025-09-05 11:02:37.375597+00	\N
122	1234567899	457048	f	2025-09-05 11:09:54.451036+00	2025-09-05 11:04:54.448968+00	\N
123	7200553957	354804	f	2025-09-05 11:11:30.184252+00	2025-09-05 11:06:30.182925+00	\N
125	7200553957	606832	t	2025-09-05 11:16:14.912188+00	2025-09-05 11:11:14.911901+00	\N
124	1234567899	821750	t	2025-09-05 11:15:50.583108+00	2025-09-05 11:10:50.582841+00	\N
127	7200553957	870855	t	2025-09-05 12:32:11.070169+00	2025-09-05 12:27:11.065784+00	\N
126	1234567899	969338	t	2025-09-05 12:31:55.734007+00	2025-09-05 12:26:55.728708+00	\N
129	7200553957	690392	t	2025-09-05 13:16:29.535353+00	2025-09-05 13:11:29.5313+00	\N
128	1234567899	601590	t	2025-09-05 13:16:18.37468+00	2025-09-05 13:11:18.370422+00	\N
131	7200553957	642489	f	2025-09-05 13:32:32.010713+00	2025-09-05 13:27:32.006816+00	\N
130	1234567899	922893	t	2025-09-05 13:32:18.812124+00	2025-09-05 13:27:18.79879+00	\N
132	7200553957	905256	t	2025-09-05 13:33:27.060124+00	2025-09-05 13:28:27.053677+00	\N
133	1234567899	979420	f	2025-09-05 13:55:15.463399+00	2025-09-05 13:50:15.457027+00	\N
135	7200553957	905924	t	2025-09-05 13:55:31.659823+00	2025-09-05 13:50:31.653102+00	\N
134	1234567899	133010	t	2025-09-05 13:55:15.638775+00	2025-09-05 13:50:15.62162+00	\N
137	7200553957	719647	t	2025-09-05 14:02:58.418352+00	2025-09-05 13:57:58.412077+00	\N
136	1234567899	347919	t	2025-09-05 14:02:17.593158+00	2025-09-05 13:57:17.58583+00	\N
139	7200553957	426043	t	2025-09-05 15:06:48.36641+00	2025-09-05 15:01:48.361234+00	\N
138	1234567899	654654	t	2025-09-05 15:06:38.60249+00	2025-09-05 15:01:38.540592+00	\N
140	7200553957	237833	t	2025-09-12 17:43:48.483412+00	2025-09-12 17:38:48.478143+00	\N
141	1234567899	982561	t	2025-09-12 17:43:49.157738+00	2025-09-12 17:38:49.153445+00	\N
142	1234567899	870432	t	2025-09-12 18:13:12.350994+00	2025-09-12 18:08:12.344764+00	\N
143	7200553957	607968	t	2025-09-12 18:14:10.741829+00	2025-09-12 18:09:10.737756+00	\N
145	7200553957	720820	f	2025-09-12 18:26:25.787403+00	2025-09-12 18:21:25.784044+00	\N
146	7200553957	234257	t	2025-09-12 18:26:26.008981+00	2025-09-12 18:21:25.999946+00	\N
144	1234567899	369345	t	2025-09-12 18:26:04.034152+00	2025-09-12 18:21:04.028759+00	\N
148	7200553957	290350	t	2025-09-12 19:05:28.799627+00	2025-09-12 19:00:28.79559+00	\N
147	1234567899	124663	t	2025-09-12 19:05:19.412015+00	2025-09-12 19:00:19.40496+00	\N
150	7200553957	640300	t	2025-09-12 19:15:54.426488+00	2025-09-12 19:10:54.424348+00	\N
149	1234567899	390997	t	2025-09-12 19:15:40.607676+00	2025-09-12 19:10:40.603687+00	\N
152	7200553957	449646	t	2025-09-12 19:24:37.9823+00	2025-09-12 19:19:37.979294+00	\N
151	1234567899	201273	t	2025-09-12 19:24:16.924786+00	2025-09-12 19:19:16.921262+00	\N
154	7200553957	662877	t	2025-09-12 22:00:58.09666+00	2025-09-12 21:55:58.09144+00	\N
153	1234567899	103160	t	2025-09-12 22:00:44.863015+00	2025-09-12 21:55:44.856784+00	\N
155	1234567899	590507	t	2025-09-12 22:07:35.333658+00	2025-09-12 22:02:35.328963+00	\N
156	7200553957	982047	f	2025-09-12 22:11:11.566533+00	2025-09-12 22:06:11.561809+00	\N
157	7200553957	467063	t	2025-09-12 22:11:13.350067+00	2025-09-12 22:06:13.345796+00	\N
158	7200553957	575168	f	2025-09-12 22:12:23.48964+00	2025-09-12 22:07:23.48549+00	\N
159	1234567899	118059	t	2025-09-12 22:12:46.016184+00	2025-09-12 22:07:46.010354+00	\N
160	1234567899	316954	t	2025-09-12 22:21:32.49067+00	2025-09-12 22:16:32.48642+00	\N
161	7200553957	950744	t	2025-09-12 22:22:14.893297+00	2025-09-12 22:17:14.889015+00	\N
163	7200553957	956242	t	2025-09-12 22:25:48.188934+00	2025-09-12 22:20:48.185326+00	\N
162	1234567899	549240	t	2025-09-12 22:25:38.416413+00	2025-09-12 22:20:38.412064+00	\N
165	7200553957	448425	t	2025-09-12 22:32:58.099633+00	2025-09-12 22:27:58.093666+00	\N
164	1234567899	950448	t	2025-09-12 22:32:47.896233+00	2025-09-12 22:27:47.892365+00	\N
167	7200553957	102337	t	2025-09-12 22:51:17.091777+00	2025-09-12 22:46:17.08635+00	\N
166	1234567899	990266	t	2025-09-12 22:51:05.725478+00	2025-09-12 22:46:05.721197+00	\N
168	1234567899	659374	t	2025-09-12 22:57:57.44178+00	2025-09-12 22:52:57.437837+00	\N
169	7200553957	645302	t	2025-09-12 22:58:27.657424+00	2025-09-12 22:53:27.652366+00	\N
170	1234567899	519433	f	2025-09-12 23:16:05.682152+00	2025-09-12 23:11:05.674346+00	\N
171	1234567899	181210	f	2025-09-12 23:16:06.69169+00	2025-09-12 23:11:06.685347+00	\N
172	7200553957	699744	f	2025-09-12 23:16:06.787829+00	2025-09-12 23:11:06.782505+00	\N
173	7200553957	626104	f	2025-09-12 23:16:07.21367+00	2025-09-12 23:11:07.20905+00	\N
174	1234567899	865387	f	2025-09-12 23:16:07.457502+00	2025-09-12 23:11:07.44853+00	\N
175	7200553957	557059	f	2025-09-12 23:16:07.579878+00	2025-09-12 23:11:07.575034+00	\N
176	1234567899	430329	f	2025-09-13 14:29:18.398643+00	2025-09-13 14:24:18.394537+00	\N
177	1234567899	262558	f	2025-09-13 14:29:18.658275+00	2025-09-13 14:24:18.651659+00	\N
178	7200553957	757940	f	2025-09-13 14:29:19.069294+00	2025-09-13 14:24:19.028191+00	\N
179	7200553957	641585	f	2025-09-13 14:29:19.093212+00	2025-09-13 14:24:19.083735+00	\N
180	1234567899	501568	t	2025-09-13 14:29:19.391668+00	2025-09-13 14:24:19.387024+00	\N
181	7200553957	220912	t	2025-09-13 14:29:19.487109+00	2025-09-13 14:24:19.480865+00	\N
183	7200553957	228895	t	2025-09-13 14:42:55.564384+00	2025-09-13 14:37:55.561697+00	\N
182	1234567899	221588	t	2025-09-13 14:42:44.079963+00	2025-09-13 14:37:44.075946+00	\N
185	7200553957	489527	t	2025-09-13 14:57:49.252298+00	2025-09-13 14:52:49.250006+00	\N
184	1234567899	422594	t	2025-09-13 14:57:37.373298+00	2025-09-13 14:52:37.370951+00	\N
187	7200553957	996471	t	2025-09-13 15:09:42.735372+00	2025-09-13 15:04:42.733967+00	\N
186	1234567899	756597	t	2025-09-13 15:09:32.094946+00	2025-09-13 15:04:32.092461+00	\N
188	1234567899	996899	t	2025-09-13 15:21:56.139135+00	2025-09-13 15:16:56.136905+00	\N
189	7200553957	577081	t	2025-09-13 15:22:10.683531+00	2025-09-13 15:17:10.680471+00	\N
190	7200553957	244438	f	2025-09-13 16:07:07.480358+00	2025-09-13 16:02:07.471966+00	\N
191	1234567899	348462	f	2025-09-13 16:07:07.679986+00	2025-09-13 16:02:07.671046+00	\N
192	1234567899	471377	f	2025-09-13 16:07:07.876678+00	2025-09-13 16:02:07.869211+00	\N
193	7200553957	413202	f	2025-09-13 16:07:07.967337+00	2025-09-13 16:02:07.871999+00	\N
195	1234567899	840232	f	2025-09-13 16:07:08.166946+00	2025-09-13 16:02:08.07492+00	\N
194	7200553957	354765	f	2025-09-13 16:07:08.165737+00	2025-09-13 16:02:08.077136+00	\N
196	7200553957	297208	f	2025-09-13 16:07:08.372564+00	2025-09-13 16:02:08.365095+00	\N
197	7200553957	350791	f	2025-09-13 16:07:08.37411+00	2025-09-13 16:02:08.366521+00	\N
198	7200553957	149686	f	2025-09-13 16:07:08.473598+00	2025-09-13 16:02:08.465597+00	\N
199	1234567899	371024	f	2025-09-13 16:07:08.777561+00	2025-09-13 16:02:08.769932+00	\N
201	1234567899	820351	f	2025-09-13 16:07:08.874959+00	2025-09-13 16:02:08.865365+00	\N
200	1234567899	246008	f	2025-09-13 16:07:08.872055+00	2025-09-13 16:02:08.864975+00	\N
202	7200553957	276840	f	2025-09-13 16:07:08.873112+00	2025-09-13 16:02:08.864964+00	\N
203	1234567899	699874	f	2025-09-13 16:07:08.971307+00	2025-09-13 16:02:08.869574+00	\N
204	1234567899	731673	f	2025-09-14 08:32:16.915962+00	2025-09-14 08:27:16.909574+00	\N
205	7200553957	103152	f	2025-09-14 08:32:17.339443+00	2025-09-14 08:27:17.331803+00	\N
206	1234567899	774230	f	2025-09-14 08:32:17.701648+00	2025-09-14 08:27:17.690418+00	\N
207	7200553957	938549	f	2025-09-14 08:32:17.783822+00	2025-09-14 08:27:17.777239+00	\N
208	7200553957	671965	t	2025-09-14 08:32:17.929822+00	2025-09-14 08:27:17.920073+00	\N
209	1234567899	368602	t	2025-09-14 08:32:18.149385+00	2025-09-14 08:27:18.141979+00	\N
210	1234567899	844143	t	2025-09-14 08:35:54.894497+00	2025-09-14 08:30:54.884109+00	\N
211	7200553957	562841	t	2025-09-14 08:37:38.222833+00	2025-09-14 08:32:38.218702+00	\N
212	7200553957	834547	t	2025-09-14 08:50:14.72679+00	2025-09-14 08:45:14.721175+00	\N
213	1234567899	660795	t	2025-09-14 08:50:43.765304+00	2025-09-14 08:45:43.757922+00	\N
215	7200553957	780009	t	2025-09-14 11:02:15.27546+00	2025-09-14 10:57:15.270547+00	\N
214	1234567899	329403	t	2025-09-14 11:02:04.687087+00	2025-09-14 10:57:04.679393+00	\N
217	7200553957	902849	t	2025-09-14 11:12:10.38725+00	2025-09-14 11:07:10.381161+00	\N
216	1234567899	940204	t	2025-09-14 11:11:58.683051+00	2025-09-14 11:06:58.676052+00	\N
219	7200553957	979552	f	2025-09-14 11:47:06.510109+00	2025-09-14 11:42:06.50601+00	\N
220	7200553957	522066	t	2025-09-14 11:47:07.408291+00	2025-09-14 11:42:07.39785+00	\N
218	1234567899	778187	t	2025-09-14 11:46:57.560195+00	2025-09-14 11:41:57.556406+00	\N
222	7200553957	265129	f	2025-09-14 12:59:06.246988+00	2025-09-14 12:54:06.241339+00	\N
223	7200553957	351012	t	2025-09-14 12:59:07.117402+00	2025-09-14 12:54:07.111664+00	\N
221	1234567899	187339	t	2025-09-14 12:58:44.114382+00	2025-09-14 12:53:44.109971+00	\N
225	7200553957	368499	t	2025-09-14 13:18:42.574302+00	2025-09-14 13:13:42.569931+00	\N
224	1234567899	769702	t	2025-09-14 13:18:31.838621+00	2025-09-14 13:13:31.833354+00	\N
227	7200553957	816567	t	2025-09-14 13:34:50.015659+00	2025-09-14 13:29:50.011065+00	\N
226	1234567899	724184	t	2025-09-14 13:34:36.372435+00	2025-09-14 13:29:36.367703+00	\N
228	7200553957	145773	t	2025-09-14 13:48:33.711115+00	2025-09-14 13:43:33.70632+00	\N
229	1234567899	184109	t	2025-09-14 13:48:37.778245+00	2025-09-14 13:43:37.773664+00	\N
230	1234567899	457613	t	2025-09-14 13:57:49.947466+00	2025-09-14 13:52:49.941355+00	\N
231	7200553957	389074	t	2025-09-14 13:58:01.993565+00	2025-09-14 13:53:01.983827+00	\N
232	1234567899	509141	t	2025-09-14 14:01:52.1903+00	2025-09-14 13:56:52.184091+00	\N
233	7200553957	527745	t	2025-09-14 14:02:15.616124+00	2025-09-14 13:57:15.61102+00	\N
235	7200553957	666411	t	2025-09-14 14:45:09.246357+00	2025-09-14 14:40:09.241046+00	\N
234	1234567899	541044	t	2025-09-14 14:44:01.508257+00	2025-09-14 14:39:01.502992+00	\N
236	1234567899	879351	f	2025-09-14 15:36:21.534475+00	2025-09-14 15:31:21.527936+00	\N
237	7200553957	353859	f	2025-09-14 15:36:34.030519+00	2025-09-14 15:31:34.025526+00	\N
238	7200553957	182379	f	2025-09-14 19:08:51.569644+00	2025-09-14 19:03:51.564337+00	\N
239	1234567899	450841	f	2025-09-14 19:08:51.729582+00	2025-09-14 19:03:51.723583+00	\N
240	1234567899	514082	f	2025-09-14 19:08:52.195926+00	2025-09-14 19:03:52.189455+00	\N
241	7200553957	236436	f	2025-09-14 19:08:52.379565+00	2025-09-14 19:03:52.371445+00	\N
243	7200553957	180999	t	2025-09-14 19:08:54.263899+00	2025-09-14 19:03:54.259285+00	\N
242	1234567899	987569	t	2025-09-14 19:08:52.785101+00	2025-09-14 19:03:52.778263+00	\N
245	7200553957	816132	t	2025-09-14 19:19:18.360194+00	2025-09-14 19:14:18.355935+00	\N
244	1234567899	558130	t	2025-09-14 19:19:07.852013+00	2025-09-14 19:14:07.846348+00	\N
246	1234567899	794189	f	2025-09-14 19:55:03.184451+00	2025-09-14 19:50:03.093337+00	\N
247	1234567899	568641	f	2025-09-14 19:55:03.338186+00	2025-09-14 19:50:03.332786+00	\N
248	7200553957	430631	f	2025-09-14 19:55:03.438979+00	2025-09-14 19:50:03.433479+00	\N
249	7200553957	940040	f	2025-09-14 19:55:03.722589+00	2025-09-14 19:50:03.716908+00	\N
251	7200553957	144738	t	2025-09-14 19:59:15.911528+00	2025-09-14 19:54:15.90691+00	\N
250	1234567899	707950	t	2025-09-14 19:59:14.91514+00	2025-09-14 19:54:14.910127+00	\N
253	7200553957	681823	t	2025-09-14 20:12:22.860846+00	2025-09-14 20:07:22.854969+00	\N
252	1234567899	572263	t	2025-09-14 20:12:13.599855+00	2025-09-14 20:07:13.59554+00	\N
254	1234567899	772596	t	2025-09-14 21:00:34.517614+00	2025-09-14 20:55:34.512407+00	\N
255	7200553957	623389	t	2025-09-14 21:01:27.643503+00	2025-09-14 20:56:27.638947+00	\N
256	1234567899	798992	f	2025-09-14 21:23:53.508051+00	2025-09-14 21:18:53.503487+00	\N
257	7200553957	168578	f	2025-09-14 21:23:54.128345+00	2025-09-14 21:18:54.118006+00	\N
259	1234567899	208724	f	2025-09-14 21:23:54.580988+00	2025-09-14 21:18:54.574945+00	\N
260	1234567899	959587	f	2025-09-14 21:23:54.751679+00	2025-09-14 21:18:54.745351+00	\N
258	7200553957	885807	t	2025-09-14 21:23:54.256141+00	2025-09-14 21:18:54.250849+00	\N
261	1234567899	373739	t	2025-09-14 21:25:18.563455+00	2025-09-14 21:20:18.55759+00	\N
263	7200553957	798195	t	2025-09-14 21:39:39.01542+00	2025-09-14 21:34:39.011921+00	\N
262	1234567899	865503	t	2025-09-14 21:39:18.961619+00	2025-09-14 21:34:18.958451+00	\N
264	1234567899	302100	f	2025-09-14 21:46:02.671841+00	2025-09-14 21:41:02.66586+00	\N
266	7200553957	692877	t	2025-09-14 21:46:19.862432+00	2025-09-14 21:41:19.858354+00	\N
265	1234567899	528916	t	2025-09-14 21:46:03.252057+00	2025-09-14 21:41:03.247784+00	\N
268	7200553957	441052	t	2025-09-14 22:02:06.099325+00	2025-09-14 21:57:06.094907+00	\N
267	1234567899	696746	t	2025-09-14 22:01:56.788176+00	2025-09-14 21:56:56.783728+00	\N
270	7200553957	534276	t	2025-09-14 22:21:56.42481+00	2025-09-14 22:16:56.4213+00	\N
269	1234567899	808684	t	2025-09-14 22:21:46.147063+00	2025-09-14 22:16:46.142772+00	\N
272	7200553957	758354	t	2025-09-14 22:35:59.940778+00	2025-09-14 22:30:59.93572+00	\N
271	1234567899	900885	t	2025-09-14 22:35:49.949029+00	2025-09-14 22:30:49.942901+00	\N
274	7200553957	351733	t	2025-09-14 22:53:55.483844+00	2025-09-14 22:48:55.480469+00	\N
273	1234567899	940308	t	2025-09-14 22:53:45.63096+00	2025-09-14 22:48:45.623771+00	\N
276	7200553957	103855	t	2025-09-15 08:52:56.700521+00	2025-09-15 08:47:56.694426+00	\N
275	1234567899	865449	t	2025-09-15 08:52:56.447473+00	2025-09-15 08:47:56.442257+00	\N
278	7200553957	403059	t	2025-09-15 09:11:51.496242+00	2025-09-15 09:06:51.492171+00	\N
277	1234567899	940456	t	2025-09-15 09:11:42.792662+00	2025-09-15 09:06:42.783614+00	\N
279	1234567899	356929	t	2025-09-15 09:18:21.873355+00	2025-09-15 09:13:21.868943+00	\N
280	7200553957	988984	t	2025-09-15 09:18:40.962649+00	2025-09-15 09:13:40.955912+00	\N
282	7200553957	514669	t	2025-09-15 09:26:19.698542+00	2025-09-15 09:21:19.692055+00	\N
281	1234567899	332715	t	2025-09-15 09:26:07.953076+00	2025-09-15 09:21:07.94853+00	\N
284	7200553957	293903	t	2025-09-15 09:33:30.068451+00	2025-09-15 09:28:30.064747+00	\N
283	1234567899	189832	t	2025-09-15 09:33:18.031406+00	2025-09-15 09:28:18.023862+00	\N
286	1234567899	387378	t	2025-09-15 14:45:17.396267+00	2025-09-15 14:40:17.391086+00	\N
285	7200553957	564937	t	2025-09-15 14:45:17.234282+00	2025-09-15 14:40:17.22914+00	\N
288	7200553957	793305	t	2025-09-15 14:54:54.727761+00	2025-09-15 14:49:54.72245+00	\N
287	1234567899	607221	t	2025-09-15 14:54:40.63212+00	2025-09-15 14:49:40.625405+00	\N
290	7200553957	604706	t	2025-09-15 15:04:23.708206+00	2025-09-15 14:59:23.698605+00	\N
289	1234567899	499707	t	2025-09-15 15:04:14.174388+00	2025-09-15 14:59:14.16995+00	\N
292	7200553957	156931	t	2025-09-15 15:11:15.689943+00	2025-09-15 15:06:15.685931+00	\N
291	1234567899	151674	t	2025-09-15 15:11:05.901156+00	2025-09-15 15:06:05.895269+00	\N
293	7200553957	852238	t	2025-09-15 15:21:45.011573+00	2025-09-15 15:16:45.007366+00	\N
294	1234567899	618962	t	2025-09-15 15:21:45.033084+00	2025-09-15 15:16:45.028464+00	\N
296	7200553957	675490	t	2025-09-15 15:51:12.904856+00	2025-09-15 15:46:12.896322+00	\N
295	1234567899	293200	t	2025-09-15 15:50:35.299074+00	2025-09-15 15:45:35.29405+00	\N
298	7200553957	982579	t	2025-09-15 16:38:45.256463+00	2025-09-15 16:33:45.250547+00	\N
297	1234567899	879979	t	2025-09-15 16:38:33.360007+00	2025-09-15 16:33:33.355608+00	\N
300	7200553957	300609	t	2025-09-15 17:12:54.224081+00	2025-09-15 17:07:54.216507+00	\N
299	1234567899	345251	t	2025-09-15 17:12:26.735606+00	2025-09-15 17:07:26.728597+00	\N
301	1234567899	675125	t	2025-09-15 17:20:03.572928+00	2025-09-15 17:15:03.566887+00	\N
302	7200553957	201246	t	2025-09-15 17:20:13.484072+00	2025-09-15 17:15:13.477685+00	\N
304	7200553957	379300	t	2025-09-15 17:34:26.864093+00	2025-09-15 17:29:26.857556+00	\N
303	1234567899	467414	t	2025-09-15 17:34:02.385031+00	2025-09-15 17:29:02.377814+00	\N
305	7200553957	575206	t	2025-09-15 18:01:36.730928+00	2025-09-15 17:56:36.724022+00	\N
306	1234567899	252160	t	2025-09-15 18:01:43.125395+00	2025-09-15 17:56:43.117098+00	\N
308	7200553957	425231	t	2025-09-15 18:09:55.274543+00	2025-09-15 18:04:55.267907+00	\N
307	1234567899	988600	t	2025-09-15 18:09:39.80157+00	2025-09-15 18:04:39.796046+00	\N
310	7200553957	319873	t	2025-09-15 18:30:02.08878+00	2025-09-15 18:25:02.077921+00	\N
309	1234567899	527741	t	2025-09-15 18:29:48.179884+00	2025-09-15 18:24:48.168903+00	\N
311	1234567899	509116	t	2025-09-15 18:37:53.032733+00	2025-09-15 18:32:53.025522+00	\N
312	7200553957	208496	t	2025-09-15 18:38:07.327353+00	2025-09-15 18:33:07.310823+00	\N
314	7200553957	980885	t	2025-09-15 18:59:05.043691+00	2025-09-15 18:54:05.03796+00	\N
313	1234567899	503855	t	2025-09-15 18:58:54.403755+00	2025-09-15 18:53:54.398556+00	\N
316	7200553957	822935	t	2025-09-15 19:10:32.771237+00	2025-09-15 19:05:32.684586+00	\N
315	1234567899	453773	t	2025-09-15 19:10:18.903523+00	2025-09-15 19:05:18.893148+00	\N
317	1234567899	846494	t	2025-09-15 19:13:51.657996+00	2025-09-15 19:08:51.652565+00	\N
318	7200553957	262214	t	2025-09-15 19:14:01.649396+00	2025-09-15 19:09:01.644216+00	\N
320	7200553957	922817	t	2025-09-15 20:09:24.736338+00	2025-09-15 20:04:24.727925+00	\N
319	1234567899	497029	t	2025-09-15 20:09:23.886837+00	2025-09-15 20:04:23.877617+00	\N
322	7200553957	867887	t	2025-09-15 20:45:48.092941+00	2025-09-15 20:40:48.08512+00	\N
321	1234567899	526826	t	2025-09-15 20:45:47.681597+00	2025-09-15 20:40:47.673202+00	\N
324	7200553957	666437	t	2025-09-15 20:53:38.172135+00	2025-09-15 20:48:38.167528+00	\N
323	1234567899	852400	t	2025-09-15 20:53:23.47942+00	2025-09-15 20:48:23.473977+00	\N
325	7200553957	866011	t	2025-09-15 21:17:01.197546+00	2025-09-15 21:12:01.181922+00	\N
326	1234567899	254771	t	2025-09-15 21:17:01.670096+00	2025-09-15 21:12:01.665295+00	\N
327	1234567899	745766	t	2025-09-15 21:23:03.941627+00	2025-09-15 21:18:03.935975+00	\N
328	7200553957	925915	t	2025-09-15 21:23:12.218485+00	2025-09-15 21:18:12.207568+00	\N
330	7200553957	224425	t	2025-09-15 21:30:40.020035+00	2025-09-15 21:25:40.015149+00	\N
329	1234567899	319001	t	2025-09-15 21:30:25.148033+00	2025-09-15 21:25:25.143164+00	\N
332	7200553957	574429	t	2025-09-15 21:42:21.07647+00	2025-09-15 21:37:21.072714+00	\N
331	1234567899	515323	t	2025-09-15 21:42:09.036105+00	2025-09-15 21:37:09.030478+00	\N
333	1234567899	524237	t	2025-09-16 07:37:26.773336+00	2025-09-16 07:32:26.767941+00	\N
334	7200553957	949256	t	2025-09-16 07:37:26.880777+00	2025-09-16 07:32:26.875328+00	\N
336	7200553957	424379	t	2025-09-16 09:14:21.863335+00	2025-09-16 09:09:21.853535+00	\N
335	1234567899	906381	t	2025-09-16 09:14:04.960165+00	2025-09-16 09:09:04.95346+00	\N
338	1234567899	276997	f	2025-09-16 10:26:30.677098+00	2025-09-16 10:21:30.668996+00	\N
337	7200553957	169428	t	2025-09-16 10:26:29.917669+00	2025-09-16 10:21:29.910905+00	\N
339	1234567899	145925	t	2025-09-16 10:26:30.67851+00	2025-09-16 10:21:30.670118+00	\N
340	1234567899	541307	t	2025-09-16 10:33:07.361717+00	2025-09-16 10:28:07.348503+00	\N
341	7200553957	593142	t	2025-09-16 10:33:19.180233+00	2025-09-16 10:28:19.174279+00	\N
343	7200553957	195678	t	2025-09-16 11:17:26.579088+00	2025-09-16 11:12:26.571774+00	\N
342	1234567899	665797	t	2025-09-16 11:17:14.485573+00	2025-09-16 11:12:14.478568+00	\N
345	7200553957	923335	t	2025-09-16 11:39:31.792029+00	2025-09-16 11:34:31.785331+00	\N
344	1234567899	779381	t	2025-09-16 11:39:21.82483+00	2025-09-16 11:34:21.816216+00	\N
346	1234567899	380183	t	2025-09-16 12:19:59.315982+00	2025-09-16 12:14:59.305219+00	\N
347	7200553957	201202	t	2025-09-16 12:20:12.045099+00	2025-09-16 12:15:12.038183+00	\N
349	7200553957	113913	t	2025-09-16 12:48:32.190643+00	2025-09-16 12:43:32.181695+00	\N
348	1234567899	864042	t	2025-09-16 12:48:15.738737+00	2025-09-16 12:43:15.732061+00	\N
351	7200553957	532381	t	2025-09-16 13:42:00.467852+00	2025-09-16 13:37:00.46106+00	\N
350	1234567899	950715	t	2025-09-16 13:41:45.368761+00	2025-09-16 13:36:45.361394+00	\N
352	1234567899	397193	t	2025-09-16 13:46:37.824118+00	2025-09-16 13:41:37.812314+00	\N
353	7200553957	218649	t	2025-09-16 13:46:49.999375+00	2025-09-16 13:41:49.992602+00	\N
355	7200553957	753903	t	2025-09-16 14:02:38.427191+00	2025-09-16 13:57:38.41757+00	\N
354	1234567899	728867	t	2025-09-16 14:02:29.840216+00	2025-09-16 13:57:29.828431+00	\N
356	1234567899	416552	t	2025-09-16 14:20:01.815638+00	2025-09-16 14:15:01.807116+00	\N
357	7200553957	911210	t	2025-09-16 14:20:16.09584+00	2025-09-16 14:15:16.085648+00	\N
358	7200553957	197744	t	2025-09-16 14:28:39.738188+00	2025-09-16 14:23:39.731142+00	\N
359	1234567899	282299	t	2025-09-16 14:28:51.692758+00	2025-09-16 14:23:51.684375+00	\N
360	7200553957	604899	f	2025-09-16 15:58:03.475837+00	2025-09-16 15:53:03.470216+00	\N
362	1234567899	686254	f	2025-09-16 15:58:03.869349+00	2025-09-16 15:53:03.86475+00	\N
363	1234567899	602949	f	2025-09-16 15:58:03.982142+00	2025-09-16 15:53:03.976616+00	\N
361	7200553957	693989	t	2025-09-16 15:58:03.574087+00	2025-09-16 15:53:03.566201+00	\N
364	1234567899	527595	t	2025-09-16 15:58:04.375489+00	2025-09-16 15:53:04.365983+00	\N
365	1234567899	213818	t	2025-09-16 16:43:49.557745+00	2025-09-16 16:38:49.549002+00	\N
366	7200553957	474437	t	2025-09-16 16:43:49.675459+00	2025-09-16 16:38:49.669071+00	\N
368	7200553957	651323	t	2025-09-16 17:14:15.717703+00	2025-09-16 17:09:15.710308+00	\N
367	1234567899	486792	t	2025-09-16 17:14:03.217592+00	2025-09-16 17:09:03.208527+00	\N
369	1234567899	890081	t	2025-09-16 17:25:57.191073+00	2025-09-16 17:20:57.183756+00	\N
370	7200553957	334696	t	2025-09-16 17:26:11.152204+00	2025-09-16 17:21:11.145707+00	\N
372	7200553957	646242	t	2025-09-16 17:35:09.608127+00	2025-09-16 17:30:09.59967+00	\N
371	1234567899	385016	t	2025-09-16 17:34:54.452796+00	2025-09-16 17:29:54.446851+00	\N
374	7200553957	776237	t	2025-09-16 18:11:48.090556+00	2025-09-16 18:06:48.083655+00	\N
373	1234567899	156755	t	2025-09-16 18:11:46.952658+00	2025-09-16 18:06:46.946979+00	\N
376	7200553957	113843	t	2025-09-16 18:56:31.168878+00	2025-09-16 18:51:31.159146+00	\N
375	1234567899	343097	t	2025-09-16 18:56:19.128585+00	2025-09-16 18:51:19.120023+00	\N
378	7200553957	703104	t	2025-09-16 19:44:33.126028+00	2025-09-16 19:39:33.120021+00	\N
377	1234567899	411208	t	2025-09-16 19:44:22.692745+00	2025-09-16 19:39:22.686107+00	\N
380	7200553957	427602	t	2025-09-17 14:32:19.978135+00	2025-09-17 14:27:19.972859+00	\N
379	1234567899	241776	t	2025-09-17 14:32:05.664948+00	2025-09-17 14:27:05.654478+00	\N
382	7200553957	876306	t	2025-09-17 15:49:51.250996+00	2025-09-17 15:44:51.244911+00	\N
381	1234567899	786975	t	2025-09-17 15:49:37.244464+00	2025-09-17 15:44:37.237299+00	\N
384	7200553957	979831	t	2025-09-17 16:39:19.641311+00	2025-09-17 16:34:19.635449+00	\N
383	1234567899	493378	t	2025-09-17 16:39:08.430099+00	2025-09-17 16:34:08.423862+00	\N
385	1234567899	910739	t	2025-09-17 18:00:11.700547+00	2025-09-17 17:55:11.691191+00	\N
386	7200553957	963262	t	2025-09-17 18:00:20.555384+00	2025-09-17 17:55:20.546845+00	\N
388	7200553957	484222	t	2025-09-17 18:20:25.751394+00	2025-09-17 18:15:25.741525+00	\N
387	1234567899	258632	t	2025-09-17 18:20:15.219304+00	2025-09-17 18:15:15.211842+00	\N
389	7200553957	374308	f	2025-09-17 18:45:56.329645+00	2025-09-17 18:40:56.316412+00	\N
390	1234567899	388050	f	2025-09-17 18:45:56.40102+00	2025-09-17 18:40:56.397799+00	\N
392	7200553957	515160	t	2025-09-17 18:45:57.744378+00	2025-09-17 18:40:57.74073+00	\N
391	1234567899	592650	t	2025-09-17 18:45:56.61326+00	2025-09-17 18:40:56.609897+00	\N
394	7200553957	360060	t	2025-09-17 19:14:55.971428+00	2025-09-17 19:09:55.963832+00	\N
393	1234567899	996651	t	2025-09-17 19:14:44.250535+00	2025-09-17 19:09:44.236689+00	\N
396	7200553957	448270	t	2025-09-17 19:31:34.367837+00	2025-09-17 19:26:34.353387+00	\N
395	1234567899	875663	t	2025-09-17 19:31:25.155692+00	2025-09-17 19:26:25.150171+00	\N
397	1234567899	498873	t	2025-09-17 19:35:05.010282+00	2025-09-17 19:30:05.005039+00	\N
399	7200553957	682873	t	2025-09-17 19:47:50.504417+00	2025-09-17 19:42:50.499148+00	\N
398	1234567899	830832	t	2025-09-17 19:47:38.835248+00	2025-09-17 19:42:38.83001+00	\N
401	7200553957	471994	t	2025-09-17 20:10:07.642193+00	2025-09-17 20:05:07.638095+00	\N
400	1234567899	673738	t	2025-09-17 20:09:48.764522+00	2025-09-17 20:04:48.757905+00	\N
403	7200553957	260679	t	2025-09-17 20:33:59.40578+00	2025-09-17 20:28:59.400568+00	\N
402	1234567899	892491	t	2025-09-17 20:33:50.417777+00	2025-09-17 20:28:50.411781+00	\N
405	7200553957	369768	t	2025-09-17 21:15:40.160785+00	2025-09-17 21:10:40.155725+00	\N
404	1234567899	815100	t	2025-09-17 21:15:28.141921+00	2025-09-17 21:10:28.136112+00	\N
406	1234567899	543992	t	2025-09-17 21:21:54.468774+00	2025-09-17 21:16:54.461919+00	\N
407	7200553957	277405	t	2025-09-17 21:22:05.484888+00	2025-09-17 21:17:05.480298+00	\N
409	7200553957	484029	t	2025-09-17 21:31:50.928357+00	2025-09-17 21:26:50.925125+00	\N
408	1234567899	916842	t	2025-09-17 21:31:37.736153+00	2025-09-17 21:26:37.728543+00	\N
410	1234567899	885052	t	2025-09-17 21:36:13.082092+00	2025-09-17 21:31:13.077296+00	\N
411	7200553957	802813	t	2025-09-17 21:36:24.472962+00	2025-09-17 21:31:24.457595+00	\N
413	7200553957	567654	t	2025-09-17 21:40:01.643891+00	2025-09-17 21:35:01.638837+00	\N
412	1234567899	871055	t	2025-09-17 21:39:49.962013+00	2025-09-17 21:34:49.957626+00	\N
415	1234567899	353509	t	2025-09-17 22:05:29.325373+00	2025-09-17 22:00:29.318149+00	\N
414	7200553957	501645	t	2025-09-17 22:05:25.682158+00	2025-09-17 22:00:25.676269+00	\N
416	1234567899	445303	t	2025-09-17 22:14:13.448513+00	2025-09-17 22:09:13.442399+00	\N
417	7200553957	274189	t	2025-09-17 22:16:01.879183+00	2025-09-17 22:11:01.870463+00	\N
419	7200553957	292315	t	2025-09-18 10:49:00.569961+00	2025-09-18 10:44:00.564509+00	\N
418	1234567899	786176	t	2025-09-18 10:48:48.219694+00	2025-09-18 10:43:48.213035+00	\N
420	7200553957	712422	t	2025-09-18 14:03:12.174806+00	2025-09-18 13:58:12.169716+00	\N
421	1234567899	245044	t	2025-09-18 14:03:14.757819+00	2025-09-18 13:58:14.753472+00	\N
423	7200553957	470260	t	2025-09-18 15:03:19.18391+00	2025-09-18 14:58:19.179369+00	\N
422	1234567899	435304	t	2025-09-18 15:03:10.135127+00	2025-09-18 14:58:10.130056+00	\N
424	7200553957	827390	f	2025-09-18 15:32:30.09649+00	2025-09-18 15:27:30.092353+00	\N
425	7200553957	520259	f	2025-09-18 15:32:30.930341+00	2025-09-18 15:27:30.927929+00	\N
426	7200553957	377605	t	2025-09-18 15:33:47.303726+00	2025-09-18 15:28:47.301105+00	\N
427	7200553957	814631	t	2025-09-18 15:38:45.709479+00	2025-09-18 15:33:45.698953+00	\N
428	1234567899	689613	t	2025-09-18 15:46:03.074647+00	2025-09-18 15:41:03.067647+00	\N
429	7200553957	865492	t	2025-09-18 15:58:17.337048+00	2025-09-18 15:53:17.335145+00	\N
430	1234567899	442786	t	2025-09-18 15:58:27.968691+00	2025-09-18 15:53:27.966144+00	\N
431	7200553957	244177	t	2025-09-18 19:54:15.430571+00	2025-09-18 19:49:15.422374+00	\N
432	7200553957	941408	t	2025-09-18 20:14:11.216572+00	2025-09-18 20:09:11.210724+00	\N
433	1234567899	424442	f	2025-09-19 06:12:37.637444+00	2025-09-19 06:07:37.629199+00	\N
434	1234567899	706931	f	2025-09-19 06:12:38.202177+00	2025-09-19 06:07:38.19411+00	\N
435	1234567899	931184	t	2025-09-19 06:13:41.925261+00	2025-09-19 06:08:41.917928+00	\N
436	7200553957	838722	t	2025-09-19 06:25:26.396098+00	2025-09-19 06:20:26.387715+00	\N
437	1234567899	951192	f	2025-09-19 11:37:19.4918+00	2025-09-19 11:32:19.48323+00	\N
438	1234567899	872579	t	2025-09-19 11:37:27.731443+00	2025-09-19 11:32:27.725181+00	\N
439	7200553957	882760	f	2025-09-19 12:07:10.301139+00	2025-09-19 12:02:10.295368+00	\N
440	7200553957	321269	f	2025-09-19 12:07:10.468728+00	2025-09-19 12:02:10.415375+00	\N
441	7200553957	810944	f	2025-09-19 12:07:11.036062+00	2025-09-19 12:02:11.03078+00	\N
442	7200553957	262595	t	2025-09-19 12:08:06.481612+00	2025-09-19 12:03:06.476015+00	\N
443	7200553957	205051	t	2025-09-19 12:10:27.403843+00	2025-09-19 12:05:27.398826+00	\N
444	7200553957	419403	t	2025-09-19 12:12:00.141497+00	2025-09-19 12:07:00.136067+00	\N
445	7200553957	985566	f	2025-09-19 13:35:25.779396+00	2025-09-19 13:30:25.772527+00	\N
446	7200553957	382419	f	2025-09-19 13:35:26.089248+00	2025-09-19 13:30:26.083587+00	\N
447	7200553957	792329	f	2025-09-19 13:35:26.179329+00	2025-09-19 13:30:26.173758+00	\N
448	7200553957	539631	f	2025-09-19 13:35:26.4674+00	2025-09-19 13:30:26.376266+00	\N
449	7200553957	821148	t	2025-09-19 13:35:27.640556+00	2025-09-19 13:30:27.634248+00	\N
450	1234567899	607791	t	2025-09-19 14:20:00.639637+00	2025-09-19 14:15:00.637856+00	\N
451	7200553957	205835	t	2025-09-19 14:24:28.08372+00	2025-09-19 14:19:28.077439+00	\N
452	1234567899	445077	t	2025-09-19 14:52:54.690039+00	2025-09-19 14:47:54.685711+00	\N
453	7200553957	589313	f	2025-09-19 15:09:08.153847+00	2025-09-19 15:04:08.148516+00	\N
454	7200553957	474807	t	2025-09-19 15:09:08.156928+00	2025-09-19 15:04:08.148901+00	\N
455	1234567899	128277	t	2025-09-19 15:11:49.57746+00	2025-09-19 15:06:49.572593+00	\N
456	7200553957	961542	t	2025-09-19 15:27:57.842703+00	2025-09-19 15:22:57.841106+00	\N
457	7200553957	443018	t	2025-09-19 15:29:33.68283+00	2025-09-19 15:24:33.680418+00	\N
458	7200553957	729003	t	2025-09-19 15:58:31.180597+00	2025-09-19 15:53:31.173821+00	\N
459	7200553957	730765	t	2025-09-19 16:02:40.167599+00	2025-09-19 15:57:40.164965+00	\N
460	1234567899	846093	f	2025-09-19 16:41:30.709945+00	2025-09-19 16:36:30.707366+00	\N
461	1234567899	669136	f	2025-09-19 16:41:31.390884+00	2025-09-19 16:36:31.388838+00	\N
462	1234567899	376095	t	2025-09-19 16:44:24.515714+00	2025-09-19 16:39:24.511044+00	\N
463	7200553957	789294	t	2025-09-19 19:01:35.247234+00	2025-09-19 18:56:35.244911+00	\N
464	7200553957	705982	t	2025-09-19 19:14:23.36144+00	2025-09-19 19:09:23.359137+00	\N
465	7200553957	347934	t	2025-09-19 19:21:59.952774+00	2025-09-19 19:16:59.95184+00	\N
466	7200553957	938684	t	2025-09-19 19:28:45.85201+00	2025-09-19 19:23:45.83905+00	\N
467	7200553957	368574	t	2025-09-19 19:35:36.613424+00	2025-09-19 19:30:36.61291+00	\N
468	7200553957	656276	t	2025-09-19 19:38:18.757196+00	2025-09-19 19:33:18.756628+00	\N
469	7200553957	523820	t	2025-09-19 19:47:24.810484+00	2025-09-19 19:42:24.810129+00	\N
470	7200553957	607015	t	2025-09-19 19:50:45.592092+00	2025-09-19 19:45:45.590818+00	\N
471	7200553957	361833	t	2025-09-19 19:54:19.916259+00	2025-09-19 19:49:19.913988+00	\N
472	7200553957	691070	t	2025-09-19 19:57:47.058228+00	2025-09-19 19:52:47.056171+00	\N
473	7200553957	672518	t	2025-09-19 20:01:22.763978+00	2025-09-19 19:56:22.678979+00	\N
474	7200553957	173042	t	2025-09-19 20:07:16.726303+00	2025-09-19 20:02:16.72516+00	\N
475	7200553957	933997	t	2025-09-19 20:10:57.715059+00	2025-09-19 20:05:57.714721+00	\N
476	7200553957	668024	t	2025-09-19 20:14:19.713374+00	2025-09-19 20:09:19.711863+00	\N
477	7200553957	914142	t	2025-09-19 20:17:13.855392+00	2025-09-19 20:12:13.853728+00	\N
478	7200553957	320964	t	2025-09-19 20:19:59.792308+00	2025-09-19 20:14:59.791338+00	\N
479	7200553957	963898	t	2025-09-19 20:28:40.944749+00	2025-09-19 20:23:40.943641+00	\N
480	7200553957	980099	t	2025-09-19 20:35:11.968222+00	2025-09-19 20:30:11.951576+00	\N
481	7200553957	697656	t	2025-09-19 20:39:14.993007+00	2025-09-19 20:34:14.992629+00	\N
482	7200553957	971028	t	2025-09-19 20:40:32.892925+00	2025-09-19 20:35:32.892045+00	\N
483	7200553957	460044	t	2025-09-19 20:45:50.629021+00	2025-09-19 20:40:50.62753+00	\N
484	7200553957	550255	t	2025-09-19 20:48:52.779128+00	2025-09-19 20:43:52.766008+00	\N
485	7200553957	999712	t	2025-09-19 20:50:29.432339+00	2025-09-19 20:45:29.430304+00	\N
486	7200553957	920833	t	2025-09-19 20:53:53.548521+00	2025-09-19 20:48:53.545174+00	\N
487	7200553957	487682	t	2025-09-19 21:03:06.239198+00	2025-09-19 20:58:06.234884+00	\N
488	7200553957	355127	t	2025-09-19 21:10:41.157631+00	2025-09-19 21:05:41.15355+00	\N
489	7200553957	862894	t	2025-09-19 21:24:16.411557+00	2025-09-19 21:19:16.404532+00	\N
490	9362911970	475866	t	2025-09-19 21:40:05.923714+00	2025-09-19 21:35:05.918696+00	\N
491	1234567899	464145	f	2025-09-21 05:35:57.670508+00	2025-09-21 05:30:57.664956+00	\N
492	7200553957	961866	f	2025-09-21 05:35:57.673427+00	2025-09-21 05:30:57.668028+00	\N
493	7200553957	221566	t	2025-09-21 05:35:58.049677+00	2025-09-21 05:30:58.043912+00	\N
494	1234567899	703867	t	2025-09-21 05:35:58.281414+00	2025-09-21 05:30:58.277193+00	\N
495	9362911970	925427	t	2025-09-21 05:39:42.317995+00	2025-09-21 05:34:42.31125+00	\N
497	1234567899	246670	f	2025-09-21 06:45:20.644688+00	2025-09-21 06:40:20.63422+00	\N
499	1234567899	137402	f	2025-09-21 06:45:21.288417+00	2025-09-21 06:40:21.283215+00	\N
498	7200553957	773646	t	2025-09-21 06:45:20.946604+00	2025-09-21 06:40:20.937335+00	\N
496	9362911970	339048	t	2025-09-21 06:45:20.19893+00	2025-09-21 06:40:20.192945+00	\N
500	1234567899	699854	t	2025-09-21 06:46:33.464838+00	2025-09-21 06:41:33.450474+00	\N
501	7200553957	217381	t	2025-09-21 07:27:42.792425+00	2025-09-21 07:22:42.785201+00	\N
502	9362911970	286536	t	2025-09-21 07:27:43.055411+00	2025-09-21 07:22:43.047948+00	\N
503	1234567899	268594	t	2025-09-21 07:27:43.280933+00	2025-09-21 07:22:43.274766+00	\N
506	7200553957	623303	t	2025-09-21 14:02:58.471437+00	2025-09-21 13:57:58.464622+00	\N
504	1234567899	320874	t	2025-09-21 14:02:32.138243+00	2025-09-21 13:57:32.128846+00	\N
505	9362911970	486490	t	2025-09-21 14:02:44.445046+00	2025-09-21 13:57:44.429973+00	\N
507	1234567899	455203	f	2025-09-21 14:35:58.417024+00	2025-09-21 14:30:58.410067+00	\N
508	1234567899	446292	f	2025-09-21 14:35:58.678692+00	2025-09-21 14:30:58.672967+00	\N
509	7200553957	506226	f	2025-09-21 14:35:58.789708+00	2025-09-21 14:30:58.781787+00	\N
511	9360649151	969560	f	2025-09-21 14:35:59.395099+00	2025-09-21 14:30:59.387842+00	\N
510	7200553957	202716	t	2025-09-21 14:35:59.079178+00	2025-09-21 14:30:59.074221+00	\N
513	1234567899	912267	t	2025-09-21 14:37:49.441344+00	2025-09-21 14:32:49.435942+00	\N
512	9362911970	118002	t	2025-09-21 14:36:53.110923+00	2025-09-21 14:31:53.104442+00	\N
514	7200553957	652943	f	2025-09-21 15:43:16.543421+00	2025-09-21 15:38:16.537205+00	\N
515	7200553957	644595	t	2025-09-21 15:43:17.021244+00	2025-09-21 15:38:17.015122+00	\N
516	7200553957	473725	t	2025-09-21 15:48:55.836394+00	2025-09-21 15:43:55.829447+00	\N
517	7200553957	797347	t	2025-09-21 15:55:26.196815+00	2025-09-21 15:50:26.190923+00	\N
519	7200553957	823957	t	2025-09-21 16:20:59.67788+00	2025-09-21 16:15:59.668134+00	\N
518	1234567899	668523	t	2025-09-21 16:20:59.581263+00	2025-09-21 16:15:59.574111+00	\N
520	9362911970	778840	t	2025-09-21 16:21:00.001391+00	2025-09-21 16:15:59.994354+00	\N
523	9362911970	950275	f	2025-09-21 17:44:04.614971+00	2025-09-21 17:39:04.60816+00	\N
521	1234567899	277064	t	2025-09-21 17:43:15.225115+00	2025-09-21 17:38:15.218823+00	\N
522	7200553957	453177	t	2025-09-21 17:43:27.157545+00	2025-09-21 17:38:27.151495+00	\N
524	9362911970	555612	t	2025-09-21 17:45:17.494991+00	2025-09-21 17:40:17.489398+00	\N
525	7200553957	349170	t	2025-09-21 18:12:07.142801+00	2025-09-21 18:07:07.136595+00	\N
527	9362911970	927792	t	2025-09-21 18:12:21.670777+00	2025-09-21 18:07:21.666049+00	\N
526	1234567899	246670	t	2025-09-21 18:12:13.542453+00	2025-09-21 18:07:13.537308+00	\N
529	7200553957	496934	t	2025-09-21 18:45:41.523174+00	2025-09-21 18:40:41.517491+00	\N
530	9362911970	846496	t	2025-09-21 18:45:51.914451+00	2025-09-21 18:40:51.908138+00	\N
528	1234567899	437272	t	2025-09-21 18:45:32.938468+00	2025-09-21 18:40:32.932175+00	\N
531	7200553957	990005	t	2025-09-21 19:09:34.447736+00	2025-09-21 19:04:34.423685+00	\N
532	7200553957	968365	t	2025-09-21 19:39:34.253914+00	2025-09-21 19:34:34.249269+00	\N
533	7200553957	439296	t	2025-09-21 19:45:37.044578+00	2025-09-21 19:40:37.038948+00	\N
534	7200553957	595042	t	2025-09-21 19:55:58.462002+00	2025-09-21 19:50:58.457782+00	\N
536	9360649151	376865	f	2025-09-22 06:46:33.068826+00	2025-09-22 06:41:32.973537+00	\N
537	7200553957	154578	f	2025-09-22 06:46:33.390072+00	2025-09-22 06:41:33.38334+00	\N
538	7200553957	546448	f	2025-09-22 06:46:33.567687+00	2025-09-22 06:41:33.498581+00	\N
539	9362911970	468054	t	2025-09-22 06:47:14.962875+00	2025-09-22 06:42:14.951242+00	\N
540	7200553957	660658	t	2025-09-22 06:48:08.621523+00	2025-09-22 06:43:08.616621+00	\N
535	1234567899	651964	t	2025-09-22 06:46:32.916414+00	2025-09-22 06:41:32.911042+00	\N
541	7200553957	915962	t	2025-09-22 07:10:49.855732+00	2025-09-22 07:05:49.85105+00	\N
542	7200553957	479327	t	2025-09-22 07:25:04.156596+00	2025-09-22 07:20:04.150059+00	\N
543	7200553957	560688	t	2025-09-22 07:42:31.841066+00	2025-09-22 07:37:31.836111+00	\N
544	7200553957	493586	t	2025-09-22 08:00:59.903985+00	2025-09-22 07:55:59.898693+00	\N
545	7200553957	691010	t	2025-09-22 08:07:09.074424+00	2025-09-22 08:02:09.068148+00	\N
546	7200553957	654099	t	2025-09-22 08:15:06.868513+00	2025-09-22 08:10:06.862935+00	\N
547	7200553957	244529	t	2025-09-22 08:23:23.63299+00	2025-09-22 08:18:23.627774+00	\N
548	7200553957	467057	t	2025-09-22 08:27:28.563805+00	2025-09-22 08:22:28.554389+00	\N
549	7200553957	615202	t	2025-09-22 08:42:22.352566+00	2025-09-22 08:37:22.347136+00	\N
550	7200553957	790438	t	2025-09-22 08:54:53.496698+00	2025-09-22 08:49:53.491306+00	\N
551	7200553957	529343	t	2025-09-22 09:02:39.790388+00	2025-09-22 08:57:39.784841+00	\N
552	7200553957	585607	t	2025-09-22 09:18:31.432734+00	2025-09-22 09:13:31.427519+00	\N
553	7200553957	926518	t	2025-09-22 09:23:27.508456+00	2025-09-22 09:18:27.501567+00	\N
554	7200553957	755834	t	2025-09-22 09:35:59.937873+00	2025-09-22 09:30:59.931364+00	\N
555	7200553957	297394	f	2025-09-22 09:55:11.668318+00	2025-09-22 09:50:11.660557+00	\N
556	7200553957	107719	f	2025-09-22 09:55:11.726493+00	2025-09-22 09:50:11.720165+00	\N
557	7200553957	311118	t	2025-09-22 09:55:11.98143+00	2025-09-22 09:50:11.974486+00	\N
558	7200553957	210749	t	2025-09-22 09:59:05.58216+00	2025-09-22 09:54:05.57421+00	\N
559	7200553957	203956	t	2025-09-22 10:04:42.781974+00	2025-09-22 09:59:42.774192+00	\N
560	7200553957	638783	t	2025-09-22 10:16:06.944204+00	2025-09-22 10:11:06.937641+00	\N
561	7200553957	946647	t	2025-09-22 10:28:56.353849+00	2025-09-22 10:23:56.34685+00	\N
562	7200553957	656613	t	2025-09-22 10:50:29.883644+00	2025-09-22 10:45:29.878105+00	\N
563	7200553957	315025	t	2025-09-22 10:59:42.323425+00	2025-09-22 10:54:42.316037+00	\N
564	7200553957	202330	t	2025-09-22 11:04:10.732389+00	2025-09-22 10:59:10.726945+00	\N
565	7200553957	943060	t	2025-09-22 11:15:32.369275+00	2025-09-22 11:10:32.362701+00	\N
566	7200553957	506915	t	2025-09-22 11:22:57.610144+00	2025-09-22 11:17:57.603951+00	\N
567	7200553957	598592	t	2025-09-22 11:33:10.134861+00	2025-09-22 11:28:10.129597+00	\N
568	7200553957	803986	t	2025-09-22 11:37:20.537264+00	2025-09-22 11:32:20.53237+00	\N
569	7200553957	694310	t	2025-09-22 11:48:20.087761+00	2025-09-22 11:43:20.083303+00	\N
570	7200553957	248899	t	2025-09-22 12:43:34.053364+00	2025-09-22 12:38:34.04909+00	\N
571	7200553957	742496	t	2025-09-22 12:54:20.433201+00	2025-09-22 12:49:20.426903+00	\N
572	7200553957	424752	t	2025-09-22 13:31:54.37792+00	2025-09-22 13:26:54.371912+00	\N
573	7200553957	111263	t	2025-09-22 13:47:07.648216+00	2025-09-22 13:42:07.644455+00	\N
574	7200553957	559839	t	2025-09-22 14:05:09.549401+00	2025-09-22 14:00:09.539361+00	\N
575	7200553957	995941	t	2025-09-22 14:36:29.003912+00	2025-09-22 14:31:28.998753+00	\N
576	7200553957	705344	t	2025-09-22 15:24:30.791616+00	2025-09-22 15:19:30.785924+00	\N
577	7200553957	760184	t	2025-09-22 16:04:43.400851+00	2025-09-22 15:59:43.396331+00	\N
578	7200553957	151541	f	2025-09-22 16:10:23.122111+00	2025-09-22 16:05:23.111469+00	\N
579	7200553957	349809	t	2025-09-22 16:10:40.761313+00	2025-09-22 16:05:40.749421+00	\N
580	7200553957	299277	t	2025-09-22 16:17:22.950232+00	2025-09-22 16:12:22.942649+00	\N
581	7200553957	784542	f	2025-09-22 16:51:01.539745+00	2025-09-22 16:46:01.534998+00	\N
582	7200553957	750224	f	2025-09-22 16:51:01.811706+00	2025-09-22 16:46:01.807081+00	\N
583	7200553957	740941	t	2025-09-22 16:51:01.886225+00	2025-09-22 16:46:01.881324+00	\N
584	7200553957	421069	t	2025-09-22 17:06:01.425922+00	2025-09-22 17:01:01.41971+00	\N
585	7200553957	211186	f	2025-09-22 17:27:22.768642+00	2025-09-22 17:22:22.685463+00	\N
586	7200553957	327430	f	2025-09-22 17:27:23.381639+00	2025-09-22 17:22:23.376677+00	\N
587	7200553957	409854	t	2025-09-22 17:27:25.445325+00	2025-09-22 17:22:25.44022+00	\N
588	7200553957	259770	t	2025-09-22 17:37:56.423363+00	2025-09-22 17:32:56.417111+00	\N
589	7200553957	831408	t	2025-09-22 18:01:16.685847+00	2025-09-22 17:56:16.680482+00	\N
590	7200553957	150762	t	2025-09-22 18:02:55.314937+00	2025-09-22 17:57:55.302743+00	\N
591	7200553957	950174	f	2025-09-22 18:25:26.393934+00	2025-09-22 18:20:26.389359+00	\N
592	7200553957	350359	f	2025-09-22 18:25:26.955674+00	2025-09-22 18:20:26.949521+00	\N
593	7200553957	326669	f	2025-09-22 18:25:27.28543+00	2025-09-22 18:20:27.276156+00	\N
594	7200553957	232215	f	2025-09-22 18:25:27.37648+00	2025-09-22 18:20:27.368911+00	\N
595	7200553957	102091	t	2025-09-22 18:25:27.718571+00	2025-09-22 18:20:27.675819+00	\N
596	7200553957	843898	t	2025-09-22 18:29:29.613657+00	2025-09-22 18:24:29.603911+00	\N
597	7200553957	854587	t	2025-09-22 18:33:27.71864+00	2025-09-22 18:28:27.709403+00	\N
598	7200553957	283134	t	2025-09-22 19:20:33.13181+00	2025-09-22 19:15:33.127282+00	\N
599	7200553957	250354	t	2025-09-22 19:50:13.383191+00	2025-09-22 19:45:13.376528+00	\N
600	7200553957	552969	t	2025-09-22 19:57:57.371091+00	2025-09-22 19:52:57.364175+00	\N
601	7200553957	178963	t	2025-09-22 20:04:55.931386+00	2025-09-22 19:59:55.924516+00	\N
602	7200553957	458788	t	2025-09-22 20:15:27.04201+00	2025-09-22 20:10:27.035304+00	\N
603	7200553957	278387	t	2025-09-22 20:19:17.044454+00	2025-09-22 20:14:17.033503+00	\N
604	7200553957	518008	f	2025-09-22 20:41:29.397389+00	2025-09-22 20:36:29.389026+00	\N
605	7200553957	302989	f	2025-09-22 20:41:36.485621+00	2025-09-22 20:36:36.479068+00	\N
606	7200553957	514324	f	2025-09-22 20:41:46.944392+00	2025-09-22 20:36:46.935616+00	\N
607	7200553957	975196	f	2025-09-22 20:41:53.998593+00	2025-09-22 20:36:53.987906+00	\N
608	7200553957	957558	f	2025-09-22 20:42:05.648768+00	2025-09-22 20:37:05.639199+00	\N
609	7200553957	163561	f	2025-09-22 20:42:09.130857+00	2025-09-22 20:37:09.123642+00	\N
610	7200553957	845465	f	2025-09-22 20:42:11.58938+00	2025-09-22 20:37:11.581998+00	\N
611	7200553957	538565	f	2025-09-22 20:42:26.616139+00	2025-09-22 20:37:26.609064+00	\N
612	7200553957	253115	f	2025-09-22 20:42:26.923415+00	2025-09-22 20:37:26.916481+00	\N
613	7200553957	550013	f	2025-09-22 20:42:44.776551+00	2025-09-22 20:37:44.769353+00	\N
614	7200553957	964925	f	2025-09-22 20:42:44.778094+00	2025-09-22 20:37:44.770652+00	\N
615	7200553957	460853	f	2025-09-22 20:43:02.330326+00	2025-09-22 20:38:02.322098+00	\N
616	7200553957	478906	f	2025-09-22 20:43:04.674159+00	2025-09-22 20:38:04.667135+00	\N
617	7200553957	745407	f	2025-09-22 20:43:22.180615+00	2025-09-22 20:38:22.173656+00	\N
618	7200553957	950929	f	2025-09-22 20:43:39.715645+00	2025-09-22 20:38:39.703213+00	\N
619	7200553957	546410	f	2025-09-22 20:44:24.489557+00	2025-09-22 20:39:24.472468+00	\N
620	7200553957	573150	f	2025-09-22 20:44:42.133566+00	2025-09-22 20:39:42.126548+00	\N
621	1234567899	804974	f	2025-09-22 20:44:46.605828+00	2025-09-22 20:39:46.598666+00	\N
622	7200553957	179542	f	2025-09-22 20:45:00.217536+00	2025-09-22 20:40:00.210449+00	\N
623	1234567899	523039	f	2025-09-22 20:45:04.149122+00	2025-09-22 20:40:04.139577+00	\N
624	1234567899	927419	f	2025-09-22 20:45:14.403485+00	2025-09-22 20:40:14.393909+00	\N
625	1234567899	760090	f	2025-09-22 20:45:21.759014+00	2025-09-22 20:40:21.752106+00	\N
626	1234567899	871934	f	2025-09-22 20:46:42.692693+00	2025-09-22 20:41:42.685456+00	\N
627	1234567899	540692	f	2025-09-22 20:47:00.419338+00	2025-09-22 20:42:00.406913+00	\N
628	1234567899	225738	f	2025-09-22 20:47:13.508563+00	2025-09-22 20:42:13.501222+00	\N
629	1234567899	386528	f	2025-09-22 20:47:18.271279+00	2025-09-22 20:42:18.264134+00	\N
630	1234567899	831908	f	2025-09-22 20:47:31.132817+00	2025-09-22 20:42:31.126066+00	\N
631	1234567899	834366	f	2025-09-22 20:47:48.63662+00	2025-09-22 20:42:48.629072+00	\N
632	1234567899	288183	f	2025-09-22 20:49:25.476656+00	2025-09-22 20:44:25.469202+00	\N
633	1234567899	941003	f	2025-09-22 20:49:43.045189+00	2025-09-22 20:44:43.038366+00	\N
634	1234567899	358474	f	2025-09-22 20:50:00.541032+00	2025-09-22 20:45:00.533204+00	\N
635	1234567899	550822	f	2025-09-22 20:51:07.739259+00	2025-09-22 20:46:07.732908+00	\N
636	1234567899	612787	f	2025-09-22 20:53:32.17405+00	2025-09-22 20:48:32.166642+00	\N
637	1234567899	677974	f	2025-09-22 21:02:35.59138+00	2025-09-22 20:57:35.584741+00	\N
638	1234567899	739747	f	2025-09-22 21:02:53.173816+00	2025-09-22 20:57:53.16608+00	\N
639	1234567899	930786	f	2025-09-22 21:03:10.715295+00	2025-09-22 20:58:10.699334+00	\N
640	7200553957	923837	f	2025-09-22 21:08:54.528699+00	2025-09-22 21:03:54.521332+00	\N
641	7200553957	398683	f	2025-09-22 21:09:12.221488+00	2025-09-22 21:04:12.214992+00	\N
642	7200553957	562582	f	2025-09-22 21:09:29.790253+00	2025-09-22 21:04:29.782837+00	\N
643	7200553957	892558	f	2025-09-22 21:14:12.828792+00	2025-09-22 21:09:12.820054+00	\N
644	7200553957	280974	f	2025-09-22 21:14:30.279474+00	2025-09-22 21:09:30.2712+00	\N
645	7200553957	735937	f	2025-09-22 21:14:47.863341+00	2025-09-22 21:09:47.856295+00	\N
646	7200553957	260533	f	2025-09-23 05:07:59.109711+00	2025-09-23 05:02:59.104476+00	\N
647	7200553957	926383	f	2025-09-23 05:08:16.66342+00	2025-09-23 05:03:16.655276+00	\N
648	7200553957	768856	f	2025-09-23 05:08:17.414441+00	2025-09-23 05:03:17.408252+00	\N
649	7200553957	472283	f	2025-09-23 05:08:34.306997+00	2025-09-23 05:03:34.301394+00	\N
650	7200553957	753207	f	2025-09-23 05:08:34.920959+00	2025-09-23 05:03:34.912908+00	\N
651	7200553957	266856	f	2025-09-23 05:08:52.718532+00	2025-09-23 05:03:52.711931+00	\N
652	7200553957	166487	f	2025-09-23 05:08:56.304046+00	2025-09-23 05:03:56.293906+00	\N
653	7200553957	447994	f	2025-09-23 05:56:04.758686+00	2025-09-23 05:51:04.751926+00	\N
654	7200553957	315027	f	2025-09-23 05:56:22.399772+00	2025-09-23 05:51:22.393727+00	\N
655	7200553957	656067	f	2025-09-23 05:56:40.270135+00	2025-09-23 05:51:40.263392+00	\N
656	7200553957	546905	f	2025-09-23 05:57:06.441427+00	2025-09-23 05:52:06.42345+00	\N
657	7200553957	677860	f	2025-09-23 06:09:55.83421+00	2025-09-23 06:04:55.827449+00	\N
658	7200553957	625647	f	2025-09-23 06:10:18.409177+00	2025-09-23 06:05:18.402932+00	\N
659	7200553957	162607	f	2025-09-23 06:10:41.058698+00	2025-09-23 06:05:41.050483+00	\N
660	7200553957	604282	f	2025-09-23 06:11:19.799233+00	2025-09-23 06:06:19.793409+00	\N
661	7200553957	770587	f	2025-09-23 06:21:33.782537+00	2025-09-23 06:16:33.774237+00	\N
662	7200553957	870231	f	2025-09-23 07:07:54.313202+00	2025-09-23 07:02:54.305324+00	\N
663	7200553957	647509	f	2025-09-23 07:08:17.414939+00	2025-09-23 07:03:17.409493+00	\N
664	7200553957	179721	f	2025-09-23 07:08:29.612894+00	2025-09-23 07:03:29.606184+00	\N
665	7200553957	242212	f	2025-09-23 07:08:36.470784+00	2025-09-23 07:03:36.46496+00	\N
666	7200553957	921230	f	2025-09-23 07:08:40.894858+00	2025-09-23 07:03:40.882232+00	\N
667	7200553957	273876	f	2025-09-23 07:08:52.266528+00	2025-09-23 07:03:52.260672+00	\N
668	7200553957	237770	f	2025-09-23 07:09:15.657374+00	2025-09-23 07:04:15.648778+00	\N
669	7200553957	295801	f	2025-09-23 07:09:33.69528+00	2025-09-23 07:04:33.690078+00	\N
670	7200553957	355047	f	2025-09-23 07:13:24.795431+00	2025-09-23 07:08:24.785161+00	\N
671	7200553957	967770	f	2025-09-23 07:25:58.637441+00	2025-09-23 07:20:58.626131+00	\N
672	7200553957	617316	f	2025-09-23 09:46:48.862138+00	2025-09-23 09:41:48.855916+00	\N
673	7200553957	828519	f	2025-09-23 09:46:49.006516+00	2025-09-23 09:41:48.999918+00	\N
674	7200553957	502651	f	2025-09-23 09:47:07.135174+00	2025-09-23 09:42:07.128916+00	\N
675	7200553957	343631	t	2025-09-23 10:36:40.365079+00	2025-09-23 10:31:40.360017+00	\N
676	7200553957	258125	t	2025-09-23 10:51:25.851189+00	2025-09-23 10:46:25.845754+00	\N
677	7200553957	365506	t	2025-09-23 10:56:59.049888+00	2025-09-23 10:51:59.045508+00	\N
678	7200553957	659275	t	2025-09-23 11:00:25.359443+00	2025-09-23 10:55:25.354655+00	\N
679	7200553957	531303	f	2025-09-23 11:18:05.978388+00	2025-09-23 11:13:05.968279+00	\N
680	7200553957	329590	t	2025-09-23 11:18:05.981322+00	2025-09-23 11:13:05.969569+00	\N
681	7200553957	243801	t	2025-09-23 11:29:37.239876+00	2025-09-23 11:24:37.234394+00	\N
682	7200553957	766868	t	2025-09-23 11:32:52.137092+00	2025-09-23 11:27:52.132007+00	\N
683	7200553957	777231	t	2025-09-23 11:35:17.493104+00	2025-09-23 11:30:17.48773+00	\N
684	7200553957	753966	t	2025-09-23 11:42:46.502793+00	2025-09-23 11:37:46.496623+00	\N
685	7200553957	550522	t	2025-09-23 13:32:36.482575+00	2025-09-23 13:27:36.475321+00	\N
686	7200553957	996890	t	2025-09-23 13:43:48.195988+00	2025-09-23 13:38:48.187649+00	\N
687	7200553957	811548	t	2025-09-23 14:04:55.395882+00	2025-09-23 13:59:55.391022+00	\N
688	7200553957	470760	t	2025-09-23 14:16:51.10423+00	2025-09-23 14:11:51.093909+00	\N
689	7200553957	688261	t	2025-09-23 14:27:30.097008+00	2025-09-23 14:22:30.090984+00	\N
690	7200553957	562293	t	2025-09-23 14:39:42.670355+00	2025-09-23 14:34:42.665035+00	\N
691	7200553957	232036	f	2025-09-23 15:47:28.225028+00	2025-09-23 15:42:28.219343+00	\N
692	7200553957	632433	t	2025-09-23 15:47:28.716646+00	2025-09-23 15:42:28.710787+00	\N
\.


--
-- Data for Name: stakes; Type: TABLE DATA; Schema: public; Owner: spin_db_ndpd_user
--

COPY public.stakes (id, stake_amount, entry_fee, winner_payout, label) FROM stdin;
5	0	0	0	Free Play
6	4	2	4	4 Stage
7	8	4	8	8 Stage
8	12	6	12	12 Stage
\.


--
-- Data for Name: transactions; Type: TABLE DATA; Schema: public; Owner: spin_db_ndpd_user
--

COPY public.transactions (id, user_id, amount, txn_type, status, provider_txn_id, created_at) FROM stdin;
\.


--
-- Data for Name: users; Type: TABLE DATA; Schema: public; Owner: spin_db_ndpd_user
--

COPY public.users (id, phone, name, upi_id, created_at, email, password_hash, wallet_balance, updated_at, description, profile_image) FROM stdin;
1	9360649151	\N	\N	2025-08-28 04:58:32.415726+00	youremail@example.com	\N	100.00	\N	\N	assets/default.png
4	9362911970	srichristh	\N	2025-09-19 21:34:52.854262+00	sridhar.christh@gmail.com	$2b$12$JLSXLqyDqlRo.6DfXmCofu4FaiH6A.UNSQzFZWRTIvwUdWaoi0Zm6	0.00	2025-09-21 05:37:00.526022+00	i am sri christh	assets/default.png
3	1234567899	sr12_	sri198528@upi	2025-08-29 14:32:43.766163+00	sri198528@gmail.com	$2b$12$TrS3Cx0qR8HTXle38ZcDEu.zdNhlzPPjN9YBYW25pT5FFJ6Y0KZ8u	23.00	2025-09-21 18:45:17.080077+00	i am sri198528	assets/default.png
2	7200553957	srr88	\N	2025-08-28 05:11:50.25918+00	sri.christh@gmail.com	\N	17.00	2025-09-21 18:45:23.274404+00	i am sri.christh	assets/default.png
-1000	bot_sharp	Sharp (Bot)	\N	2025-09-21 19:48:46.049116+00	bot_sharp@system.local	x	0.00	\N	\N	assets/default.png
-1001	bot_crazy	Crazy Boy (Bot)	\N	2025-09-21 19:48:46.049116+00	bot_crazy@system.local	x	0.00	\N	\N	assets/default.png
-1002	bot_srtech	SRTech Bot	\N	2025-09-21 19:48:46.049116+00	bot_srtech@system.local	x	0.00	\N	\N	assets/default.png
\.


--
-- Data for Name: wallet_transactions; Type: TABLE DATA; Schema: public; Owner: spin_db_ndpd_user
--

COPY public.wallet_transactions (id, user_id, amount, tx_type, status, transaction_id, created_at, provider_ref, "timestamp") FROM stdin;
4	3	10	RECHARGE	PENDING	\N	2025-09-19 11:33:12.132373+00	plink_RJRegitlhH0VA2	2025-09-19 11:33:12.132373
5	3	3	RECHARGE	SUCCESS	f2146d36-8322-47bb-8d61-de177d2ba002	2025-09-21 05:37:44.250202+00	Match Win	2025-09-21 05:37:44.275341
6	-1000	0	RECHARGE	SUCCESS	d05b2bf2-6394-4ad8-8ce1-3bb1cdff5b47	2025-09-21 19:51:45.047867+00	Match Win	2025-09-21 19:51:45.062628
7	-1000	0	RECHARGE	SUCCESS	fd0197d7-61af-403d-9a73-a643e72be13f	2025-09-22 06:44:51.267849+00	Match Win	2025-09-22 06:44:51.280192
8	-1000	0	RECHARGE	SUCCESS	60360a19-451c-4f0c-abf8-850c927fb0fb	2025-09-22 06:45:02.020576+00	Match Win	2025-09-22 06:45:02.038607
9	-1000	0	RECHARGE	SUCCESS	9c634c32-36a5-4214-a383-43c0f141d478	2025-09-22 06:45:07.640487+00	Match Win	2025-09-22 06:45:07.650978
10	-1000	0	RECHARGE	SUCCESS	8defbe69-454a-4fae-a462-5cca0ce0a0ac	2025-09-22 06:45:41.831569+00	Match Win	2025-09-22 06:45:41.925567
11	-1000	0	RECHARGE	SUCCESS	f6d81d74-2ce9-4157-a4bc-7e7797db6f88	2025-09-22 06:48:25.107046+00	Match Win	2025-09-22 06:48:25.187146
12	2	0	RECHARGE	SUCCESS	0dee01fb-7368-48e8-8021-813adf47f4a4	2025-09-22 06:53:17.822286+00	Match Win	2025-09-22 06:53:17.837607
13	-1000	0	RECHARGE	SUCCESS	f920e87b-6b6b-457d-ba3d-5b4a26de1a29	2025-09-22 07:06:37.306336+00	Match Win	2025-09-22 07:06:37.318013
14	-1000	0	RECHARGE	SUCCESS	67374f91-7004-42be-af2c-98ac3cb8c5e3	2025-09-22 07:21:03.269265+00	Match Win	2025-09-22 07:21:03.280483
15	-1000	0	RECHARGE	SUCCESS	23081d77-f4f5-45bc-88e6-34508b3b2f2b	2025-09-22 07:22:06.074744+00	Match Win	2025-09-22 07:22:06.087572
16	-1000	0	RECHARGE	SUCCESS	d17f7237-0253-460e-8158-9aaf5d7e2cc6	2025-09-22 07:22:28.812532+00	Match Win	2025-09-22 07:22:28.822588
\.


--
-- Data for Name: wallet_tx; Type: TABLE DATA; Schema: public; Owner: spin_db_ndpd_user
--

COPY public.wallet_tx (id, user_id, amount, type, status, created_at) FROM stdin;
\.


--
-- Name: game_matches_id_seq; Type: SEQUENCE SET; Schema: public; Owner: spin_db_ndpd_user
--

SELECT pg_catalog.setval('public.game_matches_id_seq', 62, true);


--
-- Name: matches_id_seq; Type: SEQUENCE SET; Schema: public; Owner: spin_db_ndpd_user
--

SELECT pg_catalog.setval('public.matches_id_seq', 395, true);


--
-- Name: otps_id_seq; Type: SEQUENCE SET; Schema: public; Owner: spin_db_ndpd_user
--

SELECT pg_catalog.setval('public.otps_id_seq', 692, true);


--
-- Name: stakes_id_seq; Type: SEQUENCE SET; Schema: public; Owner: spin_db_ndpd_user
--

SELECT pg_catalog.setval('public.stakes_id_seq', 8, true);


--
-- Name: transactions_id_seq; Type: SEQUENCE SET; Schema: public; Owner: spin_db_ndpd_user
--

SELECT pg_catalog.setval('public.transactions_id_seq', 1, false);


--
-- Name: users_id_seq; Type: SEQUENCE SET; Schema: public; Owner: spin_db_ndpd_user
--

SELECT pg_catalog.setval('public.users_id_seq', 4, true);


--
-- Name: wallet_transactions_id_seq; Type: SEQUENCE SET; Schema: public; Owner: spin_db_ndpd_user
--

SELECT pg_catalog.setval('public.wallet_transactions_id_seq', 16, true);


--
-- Name: wallet_tx_id_seq; Type: SEQUENCE SET; Schema: public; Owner: spin_db_ndpd_user
--

SELECT pg_catalog.setval('public.wallet_tx_id_seq', 1, false);


--
-- Name: game_matches game_matches_pkey; Type: CONSTRAINT; Schema: public; Owner: spin_db_ndpd_user
--

ALTER TABLE ONLY public.game_matches
    ADD CONSTRAINT game_matches_pkey PRIMARY KEY (id);


--
-- Name: matches matches_pkey; Type: CONSTRAINT; Schema: public; Owner: spin_db_ndpd_user
--

ALTER TABLE ONLY public.matches
    ADD CONSTRAINT matches_pkey PRIMARY KEY (id);


--
-- Name: otps otps_pkey; Type: CONSTRAINT; Schema: public; Owner: spin_db_ndpd_user
--

ALTER TABLE ONLY public.otps
    ADD CONSTRAINT otps_pkey PRIMARY KEY (id);


--
-- Name: stakes stakes_pkey; Type: CONSTRAINT; Schema: public; Owner: spin_db_ndpd_user
--

ALTER TABLE ONLY public.stakes
    ADD CONSTRAINT stakes_pkey PRIMARY KEY (id);


--
-- Name: stakes stakes_stake_amount_key; Type: CONSTRAINT; Schema: public; Owner: spin_db_ndpd_user
--

ALTER TABLE ONLY public.stakes
    ADD CONSTRAINT stakes_stake_amount_key UNIQUE (stake_amount);


--
-- Name: transactions transactions_pkey; Type: CONSTRAINT; Schema: public; Owner: spin_db_ndpd_user
--

ALTER TABLE ONLY public.transactions
    ADD CONSTRAINT transactions_pkey PRIMARY KEY (id);


--
-- Name: users users_pkey; Type: CONSTRAINT; Schema: public; Owner: spin_db_ndpd_user
--

ALTER TABLE ONLY public.users
    ADD CONSTRAINT users_pkey PRIMARY KEY (id);


--
-- Name: wallet_transactions wallet_transactions_pkey; Type: CONSTRAINT; Schema: public; Owner: spin_db_ndpd_user
--

ALTER TABLE ONLY public.wallet_transactions
    ADD CONSTRAINT wallet_transactions_pkey PRIMARY KEY (id);


--
-- Name: wallet_tx wallet_tx_pkey; Type: CONSTRAINT; Schema: public; Owner: spin_db_ndpd_user
--

ALTER TABLE ONLY public.wallet_tx
    ADD CONSTRAINT wallet_tx_pkey PRIMARY KEY (id);


--
-- Name: idx_otps_created_at; Type: INDEX; Schema: public; Owner: spin_db_ndpd_user
--

CREATE INDEX idx_otps_created_at ON public.otps USING btree (created_at);


--
-- Name: idx_otps_phone; Type: INDEX; Schema: public; Owner: spin_db_ndpd_user
--

CREATE INDEX idx_otps_phone ON public.otps USING btree (phone);


--
-- Name: idx_otps_session_id; Type: INDEX; Schema: public; Owner: spin_db_ndpd_user
--

CREATE INDEX idx_otps_session_id ON public.otps USING btree (session_id);


--
-- Name: ix_game_matches_id; Type: INDEX; Schema: public; Owner: spin_db_ndpd_user
--

CREATE INDEX ix_game_matches_id ON public.game_matches USING btree (id);


--
-- Name: ix_matches_id; Type: INDEX; Schema: public; Owner: spin_db_ndpd_user
--

CREATE INDEX ix_matches_id ON public.matches USING btree (id);


--
-- Name: ix_otps_id; Type: INDEX; Schema: public; Owner: spin_db_ndpd_user
--

CREATE INDEX ix_otps_id ON public.otps USING btree (id);


--
-- Name: ix_otps_phone; Type: INDEX; Schema: public; Owner: spin_db_ndpd_user
--

CREATE INDEX ix_otps_phone ON public.otps USING btree (phone);


--
-- Name: ix_users_id; Type: INDEX; Schema: public; Owner: spin_db_ndpd_user
--

CREATE INDEX ix_users_id ON public.users USING btree (id);


--
-- Name: ix_users_phone; Type: INDEX; Schema: public; Owner: spin_db_ndpd_user
--

CREATE UNIQUE INDEX ix_users_phone ON public.users USING btree (phone);


--
-- Name: ix_wallet_transactions_id; Type: INDEX; Schema: public; Owner: spin_db_ndpd_user
--

CREATE INDEX ix_wallet_transactions_id ON public.wallet_transactions USING btree (id);


--
-- Name: ix_wallet_tx_id; Type: INDEX; Schema: public; Owner: spin_db_ndpd_user
--

CREATE INDEX ix_wallet_tx_id ON public.wallet_tx USING btree (id);


--
-- Name: ix_wallet_tx_user_id; Type: INDEX; Schema: public; Owner: spin_db_ndpd_user
--

CREATE INDEX ix_wallet_tx_user_id ON public.wallet_tx USING btree (user_id);


--
-- Name: uq_users_email; Type: INDEX; Schema: public; Owner: spin_db_ndpd_user
--

CREATE UNIQUE INDEX uq_users_email ON public.users USING btree (email);


--
-- Name: uq_users_phone; Type: INDEX; Schema: public; Owner: spin_db_ndpd_user
--

CREATE UNIQUE INDEX uq_users_phone ON public.users USING btree (phone);


--
-- Name: game_matches game_matches_p1_user_id_fkey; Type: FK CONSTRAINT; Schema: public; Owner: spin_db_ndpd_user
--

ALTER TABLE ONLY public.game_matches
    ADD CONSTRAINT game_matches_p1_user_id_fkey FOREIGN KEY (p1_user_id) REFERENCES public.users(id);


--
-- Name: game_matches game_matches_p2_user_id_fkey; Type: FK CONSTRAINT; Schema: public; Owner: spin_db_ndpd_user
--

ALTER TABLE ONLY public.game_matches
    ADD CONSTRAINT game_matches_p2_user_id_fkey FOREIGN KEY (p2_user_id) REFERENCES public.users(id);


--
-- Name: game_matches game_matches_winner_user_id_fkey; Type: FK CONSTRAINT; Schema: public; Owner: spin_db_ndpd_user
--

ALTER TABLE ONLY public.game_matches
    ADD CONSTRAINT game_matches_winner_user_id_fkey FOREIGN KEY (winner_user_id) REFERENCES public.users(id);


--
-- Name: matches matches_p1_user_id_fkey; Type: FK CONSTRAINT; Schema: public; Owner: spin_db_ndpd_user
--

ALTER TABLE ONLY public.matches
    ADD CONSTRAINT matches_p1_user_id_fkey FOREIGN KEY (p1_user_id) REFERENCES public.users(id);


--
-- Name: matches matches_p2_user_id_fkey; Type: FK CONSTRAINT; Schema: public; Owner: spin_db_ndpd_user
--

ALTER TABLE ONLY public.matches
    ADD CONSTRAINT matches_p2_user_id_fkey FOREIGN KEY (p2_user_id) REFERENCES public.users(id);


--
-- Name: matches matches_p3_user_id_fkey; Type: FK CONSTRAINT; Schema: public; Owner: spin_db_ndpd_user
--

ALTER TABLE ONLY public.matches
    ADD CONSTRAINT matches_p3_user_id_fkey FOREIGN KEY (p3_user_id) REFERENCES public.users(id);


--
-- Name: matches matches_winner_user_id_fkey; Type: FK CONSTRAINT; Schema: public; Owner: spin_db_ndpd_user
--

ALTER TABLE ONLY public.matches
    ADD CONSTRAINT matches_winner_user_id_fkey FOREIGN KEY (winner_user_id) REFERENCES public.users(id);


--
-- Name: transactions transactions_user_id_fkey; Type: FK CONSTRAINT; Schema: public; Owner: spin_db_ndpd_user
--

ALTER TABLE ONLY public.transactions
    ADD CONSTRAINT transactions_user_id_fkey FOREIGN KEY (user_id) REFERENCES public.users(id) ON DELETE CASCADE;


--
-- Name: wallet_transactions wallet_transactions_user_id_fkey; Type: FK CONSTRAINT; Schema: public; Owner: spin_db_ndpd_user
--

ALTER TABLE ONLY public.wallet_transactions
    ADD CONSTRAINT wallet_transactions_user_id_fkey FOREIGN KEY (user_id) REFERENCES public.users(id);


--
-- Name: wallet_tx wallet_tx_user_id_fkey; Type: FK CONSTRAINT; Schema: public; Owner: spin_db_ndpd_user
--

ALTER TABLE ONLY public.wallet_tx
    ADD CONSTRAINT wallet_tx_user_id_fkey FOREIGN KEY (user_id) REFERENCES public.users(id);


--
-- Name: DEFAULT PRIVILEGES FOR SEQUENCES; Type: DEFAULT ACL; Schema: -; Owner: postgres
--

ALTER DEFAULT PRIVILEGES FOR ROLE postgres GRANT ALL ON SEQUENCES TO spin_db_ndpd_user;


--
-- Name: DEFAULT PRIVILEGES FOR TYPES; Type: DEFAULT ACL; Schema: -; Owner: postgres
--

ALTER DEFAULT PRIVILEGES FOR ROLE postgres GRANT ALL ON TYPES TO spin_db_ndpd_user;


--
-- Name: DEFAULT PRIVILEGES FOR FUNCTIONS; Type: DEFAULT ACL; Schema: -; Owner: postgres
--

ALTER DEFAULT PRIVILEGES FOR ROLE postgres GRANT ALL ON FUNCTIONS TO spin_db_ndpd_user;


--
-- Name: DEFAULT PRIVILEGES FOR TABLES; Type: DEFAULT ACL; Schema: -; Owner: postgres
--

ALTER DEFAULT PRIVILEGES FOR ROLE postgres GRANT ALL ON TABLES TO spin_db_ndpd_user;


--
-- PostgreSQL database dump complete
--

\unrestrict jbiQbAlH5cB3gcUV1SYfN9UQoCuULlnK1jlHqytePAdHhSKFSfgXIXHf4Fi9cd6

